QYEAR,NEWID,SEQNO,ALCNO,REC_ORIG,CRMCODEA,CRMC_DEA,ADVMATX,ADVMATX_,MATNSPCX,MATN_PCX,CRMCDA1,CRMCDA1_,CRMCDA2,CRMCDA2_,CRMCDA3,CRMCDA3_,CRMCDA4,CRMCDA4_,CRMCDA5,CRMCDA5_,CRMCDA6,CRMCDA6_,CRMCDA7,CRMCDA7_,CRMCDA8,CRMCDA8_,CRMCDA9,CRMCDA9_
20232,05092614,3,0,1,,A,,A,34,D,,A,,A,,A,,A,,A,,A,,A,,A,,A
20232,05093794,4,0,1,,A,,A,40,D,,A,,A,,A,,A,,A,,A,,A,,A,,A
20232,05094314,8,0,1,,A,,A,50,D,,A,,A,,A,,A,,A,,A,,A,,A,,A
20232,05094374,3,0,1,140,D,20,D,,A,,A,,A,,A,,A,,A,,A,,A,,A,,A
20232,05095294,3,0,1,300,D,75,D,,A,,A,,A,,A,,A,,A,,A,,A,,A,,A
20232,05095564,13,0,1,130,D,40,D,,A,,A,,A,,A,,A,,A,,A,,A,,A,,A
20232,05096354,5,0,1,130,D,750,D,,A,,A,,A,,A,,A,,A,,A,,A,,A,,A
20232,05097134,4,0,1,300,D,150,D,,A,,A,,A,,A,,A,,A,,A,,A,,A,,A
20232,05098164,6,0,1,,A,,A,9,D,,A,,A,,A,,A,,A,,A,,A,,A,,A
20232,05098694,2,0,1,,A,,A,30,D,,A,,A,,A,,A,,A,,A,,A,,A,,A
20232,05099454,7,0,1,,A,,A,300,D,,A,,A,,A,,A,,A,,A,,A,,A,,A
20232,05099474,2,0,1,,A,,A,50,D,,A,,A,,A,,A,,A,,A,,A,,A,,A
20232,05100824,8,0,1,175,D,65,D,,A,,A,,A,,A,,A,,A,,A,,A,,A,,A
20232,05100994,6,0,1,175,D,40,D,,A,,A,,A,,A,,A,,A,,A,,A,,A,,A
20232,05101724,6,0,1,160,D,600,D,,A,,A,,A,,A,,A,,A,,A,,A,,A,,A
20232,05103354,4,0,1,,A,,A,600,D,,A,,A,,A,,A,,A,,A,,A,,A,,A
20232,05103954,3,0,1,175,D,80,D,,A,,A,,A,,A,,A,,A,,A,,A,,A,,A
20232,05105344,6,0,1,130,D,50,D,,A,,A,,A,,A,,A,,A,,A,,A,,A,,A
20232,05105654,2,0,1,300,D,1400,D,,A,,A,,A,,A,,A,,A,,A,,A,,A,,A
20232,05107924,6,0,1,210,D,6800,D,,A,,A,,A,,A,,A,,A,,A,,A,,A,,A
20232,05108674,6,0,1,,A,,A,500,D,,A,,A,,A,,A,,A,,A,,A,,A,,A
20232,05108894,3,0,1,,A,,A,1000,D,,A,,A,,A,,A,,A,,A,,A,,A,,A
20232,05109974,7,0,1,260,D,502,D,,A,,A,,A,,A,,A,,A,,A,,A,,A,,A
20232,05110734,6,0,1,130,D,2800,D,,A,,A,,A,,A,,A,,A,,A,,A,,A,,A
20232,05115144,4,0,1,200,D,9,D,,A,,A,,A,,A,,A,,A,,A,,A,,A,,A
20232,05115754,8,0,1,160,D,300,D,,A,,A,,A,,A,,A,,A,,A,,A,,A,,A
20232,05115844,5,0,1,175,D,750,D,,A,,A,,A,,A,,A,,A,,A,,A,,A,,A
20232,05115894,10,0,1,300,D,692,D,,A,,A,,A,,A,,A,,A,,A,,A,,A,,A
20232,05117434,4,0,1,160,D,1200,D,,A,,A,,A,,A,,A,,A,,A,,A,,A,,A
20232,05118884,3,0,1,140,D,,A,120,D,,A,,A,,A,,A,,A,,A,,A,,A,,A
20232,05119284,3,0,1,290,D,700,D,,A,,A,,A,,A,,A,,A,,A,,A,,A,,A
20232,05120214,13,0,1,210,D,80,D,,A,,A,,A,,A,,A,,A,,A,,A,,A,,A
20232,05120544,3,0,1,220,D,100,D,,A,,A,,A,,A,,A,,A,,A,,A,,A,,A
20232,05120634,6,0,1,300,D,100,D,,A,,A,,A,,A,,A,,A,,A,,A,,A,,A
20232,05120714,3,0,1,140,D,225,D,,A,,A,,A,,A,,A,,A,,A,,A,,A,,A
20232,05121724,2,0,1,140,D,100,D,,A,,A,,A,,A,,A,,A,,A,,A,,A,,A
20232,05122404,5,0,1,175,D,300,D,,A,,A,,A,,A,,A,,A,,A,,A,,A,,A
20232,05122424,2,0,1,175,D,47,D,,A,,A,,A,,A,,A,,A,,A,,A,,A,,A
20232,05123164,3,0,1,300,D,150,D,,A,,A,,A,,A,,A,,A,,A,,A,,A,,A
20232,05123804,9,0,1,175,D,155,D,,A,,A,,A,,A,,A,,A,,A,,A,,A,,A
20232,05201693,4,0,1,150,D,5000,D,500,D,,A,,A,,A,,A,,A,,A,,A,,A,,A
20232,05201993,5,0,1,,A,,A,500,F,,A,,A,,A,,A,,A,,A,,A,,A,,A
20232,05202443,4,0,1,200,D,200,D,,A,,A,,A,,A,,A,,A,,A,,A,,A,,A
20232,05202853,5,0,1,,A,,A,33,D,,A,,A,,A,,A,,A,,A,,A,,A,,A
20232,05203763,4,0,1,,A,,A,45,D,,A,,A,,A,,A,,A,,A,,A,,A,,A
20232,05203993,2,0,1,,A,,A,60,D,,A,,A,,A,,A,,A,,A,,A,,A,,A
20232,05204243,6,0,1,160,D,75,D,,A,,A,,A,,A,,A,,A,,A,,A,,A,,A
20232,05204813,5,0,1,130,D,400,D,,A,,A,,A,,A,,A,,A,,A,,A,,A,,A
20232,05205733,3,0,1,200,D,30,D,,A,,A,,A,,A,,A,,A,,A,,A,,A,,A
20232,05207273,5,0,1,300,D,450,D,,A,,A,,A,,A,,A,,A,,A,,A,,A,,A
20232,05209143,3,0,1,,A,,A,150,D,,A,,A,,A,,A,,A,,A,,A,,A,,A
20232,05209613,5,0,1,190,D,50,D,,A,,A,,A,,A,,A,,A,,A,,A,,A,,A
20232,05210513,3,0,1,220,D,7949,D,,A,,A,,A,,A,,A,,A,,A,,A,,A,,A
20232,05211923,2,0,1,300,D,4625,D,,A,,A,,A,,A,,A,,A,,A,,A,,A,,A
20232,05212663,8,0,1,300,D,100,D,,A,,A,,A,,A,,A,,A,,A,,A,,A,,A
20232,05213023,2,0,1,,A,,A,20,D,,A,,A,,A,,A,,A,,A,,A,,A,,A
20232,05213873,6,0,1,175,D,150,D,,A,,A,,A,,A,,A,,A,,A,,A,,A,,A
20232,05214423,4,0,1,,A,,A,28,D,,A,,A,,A,,A,,A,,A,,A,,A,,A
20232,05215913,2,0,1,,A,,A,20,D,,A,,A,,A,,A,,A,,A,,A,,A,,A
20232,05218543,3,0,1,280,D,1000,D,,A,,A,,A,,A,,A,,A,,A,,A,,A,,A
20232,05219453,4,0,1,300,D,54,D,,A,,A,,A,,A,,A,,A,,A,,A,,A,,A
20232,05219603,4,0,1,300,D,700,D,,A,,A,,A,,A,,A,,A,,A,,A,,A,,A
20232,05221523,6,0,1,,A,,A,10,D,,A,,A,,A,,A,,A,,A,,A,,A,,A
20232,05222073,5,0,1,,A,,A,30,D,,A,,A,,A,,A,,A,,A,,A,,A,,A
20232,05222873,6,0,1,300,D,80,D,120,D,,A,,A,,A,,A,,A,,A,,A,,A,,A
20232,05224643,40,0,1,,A,,A,244,D,,A,,A,,A,,A,,A,,A,,A,,A,,A
20232,05225193,7,0,1,220,D,3300,D,,A,,A,,A,,A,,A,,A,,A,,A,,A,,A
20232,05226723,4,0,1,175,D,110,D,,A,,A,,A,,A,,A,,A,,A,,A,,A,,A
20232,05226753,3,0,1,175,D,500,D,,A,,A,,A,,A,,A,,A,,A,,A,,A,,A
20232,05227453,3,0,1,,A,,A,25,D,,A,,A,,A,,A,,A,,A,,A,,A,,A
20232,05228103,3,0,1,,A,,A,70,D,,A,,A,,A,,A,,A,,A,,A,,A,,A
20232,05228883,3,0,1,,A,,A,8,D,,A,,A,,A,,A,,A,,A,,A,,A,,A
20232,05230223,6,0,1,290,D,250,D,,A,,A,,A,,A,,A,,A,,A,,A,,A,,A
20232,05230373,5,0,1,150,D,250,D,,A,,A,,A,,A,,A,,A,,A,,A,,A,,A
20232,05230723,10,0,1,140,D,30,D,,A,,A,,A,,A,,A,,A,,A,,A,,A,,A
20232,05231243,21,0,1,140,D,550,D,,A,,A,,A,,A,,A,,A,,A,,A,,A,,A
20232,05231503,17,0,1,235,D,300,D,,A,,A,,A,,A,,A,,A,,A,,A,,A,,A
20232,05234493,3,0,1,200,D,185,D,,A,,A,,A,,A,,A,,A,,A,,A,,A,,A
20232,05235933,4,0,1,,A,,A,55,D,,A,,A,,A,,A,,A,,A,,A,,A,,A
20232,05252042,7,0,1,130,D,20,D,,A,,A,,A,,A,,A,,A,,A,,A,,A,,A
20232,05252312,5,0,1,175,D,25,D,200,D,,A,,A,,A,,A,,A,,A,,A,,A,,A
20232,05252822,4,0,1,200,D,200,D,,A,,A,,A,,A,,A,,A,,A,,A,,A,,A
20232,05254972,4,0,1,130,D,600,D,,A,,A,,A,,A,,A,,A,,A,,A,,A,,A
20232,05255552,10,0,1,160,D,130,D,,A,,A,,A,,A,,A,,A,,A,,A,,A,,A
20232,05257662,3,0,1,200,D,250,D,,A,,A,,A,,A,,A,,A,,A,,A,,A,,A
20232,05259192,7,0,1,160,D,190,D,,A,,A,,A,,A,,A,,A,,A,,A,,A,,A
20232,05259252,5,0,1,200,D,32,D,,A,,A,,A,,A,,A,,A,,A,,A,,A,,A
20232,05259302,12,0,1,160,D,200,D,,A,,A,,A,,A,,A,,A,,A,,A,,A,,A
20232,05259443,4,0,1,300,D,300,D,,A,,A,,A,,A,,A,,A,,A,,A,,A,,A
20232,05259592,3,0,1,235,D,575,D,,A,,A,,A,,A,,A,,A,,A,,A,,A,,A
20232,05262052,4,0,1,300,D,500,D,,A,,A,,A,,A,,A,,A,,A,,A,,A,,A
20232,05263562,9,0,1,175,D,350,D,,A,,A,,A,,A,,A,,A,,A,,A,,A,,A
20232,05266502,6,0,1,300,D,700,D,,A,,A,,A,,A,,A,,A,,A,,A,,A,,A
20232,05266612,7,0,1,,A,,A,120,D,,A,,A,,A,,A,,A,,A,,A,,A,,A
20232,05267382,3,0,1,130,D,1000,D,,A,,A,,A,,A,,A,,A,,A,,A,,A,,A
20232,05267522,7,0,1,,A,,A,23,D,,A,,A,,A,,A,,A,,A,,A,,A,,A
20232,05267542,16,0,1,130,D,2700,D,,A,,A,,A,,A,,A,,A,,A,,A,,A,,A
20232,05267752,4,0,1,140,D,180,D,,A,,A,,A,,A,,A,,A,,A,,A,,A,,A
20232,05269622,5,0,1,300,D,150,F,,A,,A,,A,,A,,A,,A,,A,,A,,A,,A
20232,05269752,2,0,1,300,D,1200,D,,A,,A,,A,,A,,A,,A,,A,,A,,A,,A
20232,05270392,9,0,1,280,D,1200,D,,A,,A,,A,,A,,A,,A,,A,,A,,A,,A
20232,05271102,5,0,1,,A,,A,110,D,,A,,A,,A,,A,,A,,A,,A,,A,,A
20232,05271992,6,0,1,300,D,900,D,,A,,A,,A,,A,,A,,A,,A,,A,,A,,A
20232,05272592,6,0,1,235,D,475,F,,A,,A,,A,,A,,A,,A,,A,,A,,A,,A
20232,05273442,4,0,1,220,D,12,D,,A,,A,,A,,A,,A,,A,,A,,A,,A,,A
20232,05274492,3,0,1,175,D,395,D,,A,,A,,A,,A,,A,,A,,A,,A,,A,,A
20232,05275982,8,0,1,175,D,52,D,,A,,A,,A,,A,,A,,A,,A,,A,,A,,A
20232,05277232,3,0,1,300,D,280,D,,A,,A,,A,,A,,A,,A,,A,,A,,A,,A
20232,05277552,5,0,1,175,D,275,D,,A,,A,,A,,A,,A,,A,,A,,A,,A,,A
20232,05277892,6,0,1,,A,,A,210,D,,A,,A,,A,,A,,A,,A,,A,,A,,A
20232,05278122,5,0,1,,A,,A,20,D,,A,,A,,A,,A,,A,,A,,A,,A,,A
20232,05278342,15,0,1,,A,,A,100,D,,A,,A,,A,,A,,A,,A,,A,,A,,A
20232,05278452,5,0,1,235,D,4000,D,,A,,A,,A,,A,,A,,A,,A,,A,,A,,A
20232,05278462,5,0,1,300,D,400,D,,A,,A,,A,,A,,A,,A,,A,,A,,A,,A
20232,05279352,5,0,1,,A,,A,400,D,,A,,A,,A,,A,,A,,A,,A,,A,,A
20232,05279662,6,0,1,,A,,A,60,D,,A,,A,,A,,A,,A,,A,,A,,A,,A
20232,05280392,10,0,1,175,D,500,D,,A,,A,,A,,A,,A,,A,,A,,A,,A,,A
20232,05280942,6,0,1,130,D,1500,D,,A,,A,,A,,A,,A,,A,,A,,A,,A,,A
20232,05282022,3,0,1,280,D,500,D,,A,,A,,A,,A,,A,,A,,A,,A,,A,,A
20232,05283042,2,0,1,300,D,2000,D,,A,,A,,A,,A,,A,,A,,A,,A,,A,,A
20232,05283102,2,0,1,130,D,7000,D,,A,,A,,A,,A,,A,,A,,A,,A,,A,,A
20232,05283142,4,0,1,175,D,350,D,,A,,A,,A,,A,,A,,A,,A,,A,,A,,A
20232,05283662,12,0,1,130,D,500,D,,A,,A,,A,,A,,A,,A,,A,,A,,A,,A
20232,05284552,8,0,1,,A,,A,150,D,,A,,A,,A,,A,,A,,A,,A,,A,,A
20232,05284652,4,0,1,235,D,2700,D,75,D,,A,,A,,A,,A,,A,,A,,A,,A,,A
20232,05286631,6,0,1,235,D,140,D,,A,,A,,A,,A,,A,,A,,A,,A,,A,,A
20232,05286731,2,0,1,310,D,,H,,A,150,D,235,D,,A,,A,,A,,A,,A,,A,,A
20232,05286731,2,1,1,150,D,320,E,,A,,A,,A,,A,,A,,A,,A,,A,,A,,A
20232,05286731,2,2,1,235,D,380,E,,A,,A,,A,,A,,A,,A,,A,,A,,A,,A
20232,05287051,4,0,1,140,D,350,D,,A,,A,,A,,A,,A,,A,,A,,A,,A,,A
20232,05287321,4,0,1,175,D,95,D,,A,,A,,A,,A,,A,,A,,A,,A,,A,,A
20232,05287361,2,0,1,300,D,3000,D,,A,,A,,A,,A,,A,,A,,A,,A,,A,,A
20232,05287411,5,0,1,260,D,30,D,,A,,A,,A,,A,,A,,A,,A,,A,,A,,A
20232,05287801,3,0,1,160,D,220,D,,A,,A,,A,,A,,A,,A,,A,,A,,A,,A
20232,05288691,4,0,1,300,D,400,D,,A,,A,,A,,A,,A,,A,,A,,A,,A,,A
20232,05288801,5,0,1,175,D,400,D,,A,,A,,A,,A,,A,,A,,A,,A,,A,,A
20232,05289771,2,0,1,130,D,400,D,,A,,A,,A,,A,,A,,A,,A,,A,,A,,A
20232,05290141,2,0,1,200,D,150,D,,A,,A,,A,,A,,A,,A,,A,,A,,A,,A
20232,05290411,4,0,1,140,D,1500,D,,A,,A,,A,,A,,A,,A,,A,,A,,A,,A
20232,05290531,6,0,1,310,D,,H,,A,150,D,290,D,140,D,,A,,A,,A,,A,,A,,A
20232,05290531,6,1,1,150,D,1293,E,,A,,A,,A,,A,,A,,A,,A,,A,,A,,A
20232,05290531,6,2,1,290,D,64,E,,A,,A,,A,,A,,A,,A,,A,,A,,A,,A
20232,05290531,6,3,1,140,D,143,E,,A,,A,,A,,A,,A,,A,,A,,A,,A,,A
20232,05290921,5,0,1,300,D,759,D,,A,,A,,A,,A,,A,,A,,A,,A,,A,,A
20232,05290991,4,0,1,,A,,A,100,D,,A,,A,,A,,A,,A,,A,,A,,A,,A
20232,05291071,6,0,1,300,D,200,D,,A,,A,,A,,A,,A,,A,,A,,A,,A,,A
20232,05291091,10,0,1,200,D,469,D,,A,,A,,A,,A,,A,,A,,A,,A,,A,,A
20232,05291411,3,0,1,210,D,20,D,,A,,A,,A,,A,,A,,A,,A,,A,,A,,A
20232,05291531,2,0,1,260,D,300,D,,A,,A,,A,,A,,A,,A,,A,,A,,A,,A
20232,05292111,7,0,1,,A,,A,8,D,,A,,A,,A,,A,,A,,A,,A,,A,,A
20232,05292721,3,0,1,175,D,25,D,20,D,,A,,A,,A,,A,,A,,A,,A,,A,,A
20232,05293501,6,0,1,,A,,A,200,D,,A,,A,,A,,A,,A,,A,,A,,A,,A
20232,05294441,4,0,1,,A,,A,30,D,,A,,A,,A,,A,,A,,A,,A,,A,,A
20232,05295771,13,0,1,300,D,130,D,,A,,A,,A,,A,,A,,A,,A,,A,,A,,A
20232,05295971,5,0,1,300,D,3000,D,,A,,A,,A,,A,,A,,A,,A,,A,,A,,A
20232,05296761,5,0,1,175,D,250,D,,A,,A,,A,,A,,A,,A,,A,,A,,A,,A
20232,05297541,3,0,1,300,D,150,D,,A,,A,,A,,A,,A,,A,,A,,A,,A,,A
20232,05297581,4,0,1,235,D,475,D,,A,,A,,A,,A,,A,,A,,A,,A,,A,,A
20232,05344021,6,0,1,150,D,6800,D,,A,,A,,A,,A,,A,,A,,A,,A,,A,,A
20232,05344081,6,0,1,175,D,400,D,,A,,A,,A,,A,,A,,A,,A,,A,,A,,A
20232,05344161,6,0,1,140,D,200,D,,A,,A,,A,,A,,A,,A,,A,,A,,A,,A
20232,05344851,4,0,1,210,D,1500,D,,A,,A,,A,,A,,A,,A,,A,,A,,A,,A
20232,05345301,8,0,1,175,D,100,D,,A,,A,,A,,A,,A,,A,,A,,A,,A,,A
20232,05345581,4,0,1,140,D,200,D,,A,,A,,A,,A,,A,,A,,A,,A,,A,,A
20232,05346941,6,0,1,175,D,400,D,,A,,A,,A,,A,,A,,A,,A,,A,,A,,A
20232,05348501,4,0,1,175,D,80,D,200,D,,A,,A,,A,,A,,A,,A,,A,,A,,A
20232,05348561,5,0,1,,A,,A,200,D,,A,,A,,A,,A,,A,,A,,A,,A,,A
20232,05350261,4,0,1,175,D,50,D,,A,,A,,A,,A,,A,,A,,A,,A,,A,,A
20232,05350291,2,0,1,,A,,A,19,D,,A,,A,,A,,A,,A,,A,,A,,A,,A
20232,05350941,2,0,1,150,D,400,D,300,D,,A,,A,,A,,A,,A,,A,,A,,A,,A
20232,05351891,7,0,1,150,D,9867,T,,A,,A,,A,,A,,A,,A,,A,,A,,A,,A
20232,05352491,6,0,1,300,D,300,D,,A,,A,,A,,A,,A,,A,,A,,A,,A,,A
20232,05352501,5,0,1,,A,,A,300,D,,A,,A,,A,,A,,A,,A,,A,,A,,A
20232,05353424,5,0,1,,A,,A,100,D,,A,,A,,A,,A,,A,,A,,A,,A,,A
20232,05353801,10,0,1,130,D,875,D,,A,,A,,A,,A,,A,,A,,A,,A,,A,,A
20232,05354531,11,0,1,130,D,400,F,,A,,A,,A,,A,,A,,A,,A,,A,,A,,A
20232,05354971,2,0,1,280,D,7500,D,,A,,A,,A,,A,,A,,A,,A,,A,,A,,A
20232,05355111,3,0,1,210,D,200,D,,A,,A,,A,,A,,A,,A,,A,,A,,A,,A
20232,05355291,8,0,1,235,D,2000,D,,A,,A,,A,,A,,A,,A,,A,,A,,A,,A
20232,05356091,4,0,1,,A,,A,200,D,,A,,A,,A,,A,,A,,A,,A,,A,,A
20232,05356141,4,0,1,,A,,A,300,D,,A,,A,,A,,A,,A,,A,,A,,A,,A
20232,05356831,3,0,1,,A,,A,200,D,,A,,A,,A,,A,,A,,A,,A,,A,,A
20232,05357821,9,0,1,,A,,A,500,D,,A,,A,,A,,A,,A,,A,,A,,A,,A
20232,05357951,6,0,1,160,D,245,D,,A,,A,,A,,A,,A,,A,,A,,A,,A,,A
20232,05359211,7,0,1,200,D,200,D,200,D,,A,,A,,A,,A,,A,,A,,A,,A,,A
20232,05359474,3,0,1,210,D,40,D,,A,,A,,A,,A,,A,,A,,A,,A,,A,,A
20232,05359521,6,0,1,175,D,300,D,,A,,A,,A,,A,,A,,A,,A,,A,,A,,A
20232,05359991,2,0,1,200,D,1000,D,,A,,A,,A,,A,,A,,A,,A,,A,,A,,A
20232,05361441,4,0,1,300,D,2800,D,,A,,A,,A,,A,,A,,A,,A,,A,,A,,A
20232,05362142,5,0,1,200,D,1000,D,,A,,A,,A,,A,,A,,A,,A,,A,,A,,A
20232,05363121,5,0,1,,A,,A,220,D,,A,,A,,A,,A,,A,,A,,A,,A,,A
20232,05363171,6,0,1,300,D,730,D,650,D,,A,,A,,A,,A,,A,,A,,A,,A,,A
20232,05364311,10,0,1,130,D,650,D,,A,,A,,A,,A,,A,,A,,A,,A,,A,,A
20232,05365071,8,0,1,300,D,1000,D,,A,,A,,A,,A,,A,,A,,A,,A,,A,,A
20232,05365651,8,0,1,260,D,3100,D,,A,,A,,A,,A,,A,,A,,A,,A,,A,,A
20232,05366251,5,0,1,130,D,700,D,,A,,A,,A,,A,,A,,A,,A,,A,,A,,A
20232,05366581,8,0,1,,A,,A,200,D,,A,,A,,A,,A,,A,,A,,A,,A,,A
20232,05366691,8,0,1,,A,,A,27,D,,A,,A,,A,,A,,A,,A,,A,,A,,A
20233,05204414,3,0,1,140,D,300,D,,A,,A,,A,,A,,A,,A,,A,,A,,A,,A
20233,05204994,2,0,1,,A,,A,200,D,,A,,A,,A,,A,,A,,A,,A,,A,,A
20233,05206254,3,0,1,,A,,A,200,D,,A,,A,,A,,A,,A,,A,,A,,A,,A
20233,05208364,2,0,1,220,D,2000,D,,A,,A,,A,,A,,A,,A,,A,,A,,A,,A
20233,05209614,3,0,1,280,D,5500,D,,A,,A,,A,,A,,A,,A,,A,,A,,A,,A
20233,05211154,9,0,1,,A,,A,405,D,,A,,A,,A,,A,,A,,A,,A,,A,,A
20233,05211344,3,0,1,,A,,A,70,D,,A,,A,,A,,A,,A,,A,,A,,A,,A
20233,05211834,5,0,1,130,D,100,D,,A,,A,,A,,A,,A,,A,,A,,A,,A,,A
20233,05212634,4,0,1,235,D,2000,D,,A,,A,,A,,A,,A,,A,,A,,A,,A,,A
20233,05212724,9,0,1,300,D,10,D,,A,,A,,A,,A,,A,,A,,A,,A,,A,,A
20233,05214274,2,0,1,190,D,650,D,,A,,A,,A,,A,,A,,A,,A,,A,,A,,A
20233,05214894,8,0,1,,A,,A,40,D,,A,,A,,A,,A,,A,,A,,A,,A,,A
20233,05215964,10,0,1,300,D,439,D,,A,,A,,A,,A,,A,,A,,A,,A,,A,,A
20233,05216794,3,0,1,200,D,170,D,,A,,A,,A,,A,,A,,A,,A,,A,,A,,A
20233,05217264,8,0,1,,A,,A,85,D,,A,,A,,A,,A,,A,,A,,A,,A,,A
20233,05217564,6,0,1,175,D,55,D,,A,,A,,A,,A,,A,,A,,A,,A,,A,,A
20233,05218854,3,0,1,,A,,A,100,D,,A,,A,,A,,A,,A,,A,,A,,A,,A
20233,05218964,2,0,1,130,D,320,D,,A,,A,,A,,A,,A,,A,,A,,A,,A,,A
20233,05219634,7,0,1,160,D,700,D,300,D,,A,,A,,A,,A,,A,,A,,A,,A,,A
20233,05220924,5,0,1,140,D,423,D,,A,,A,,A,,A,,A,,A,,A,,A,,A,,A
20233,05221974,7,0,1,300,D,65,D,,A,,A,,A,,A,,A,,A,,A,,A,,A,,A
20233,05222414,8,0,1,300,D,240,D,,A,,A,,A,,A,,A,,A,,A,,A,,A,,A
20233,05224644,21,0,1,200,D,50,D,80,D,,A,,A,,A,,A,,A,,A,,A,,A,,A
20233,05224894,3,0,1,160,D,2300,D,,A,,A,,A,,A,,A,,A,,A,,A,,A,,A
20233,05225534,8,0,1,,A,,A,60,D,,A,,A,,A,,A,,A,,A,,A,,A,,A
20233,05226724,7,0,1,300,D,200,D,,A,,A,,A,,A,,A,,A,,A,,A,,A,,A
20233,05227324,16,0,1,175,D,20,D,,A,,A,,A,,A,,A,,A,,A,,A,,A,,A
20233,05227564,2,0,1,150,D,7000,D,,A,,A,,A,,A,,A,,A,,A,,A,,A,,A
20233,05228604,3,0,1,270,D,113,D,,A,,A,,A,,A,,A,,A,,A,,A,,A,,A
20233,05230444,4,0,1,140,D,90,D,,A,,A,,A,,A,,A,,A,,A,,A,,A,,A
20233,05231124,2,0,1,,A,,A,10,D,,A,,A,,A,,A,,A,,A,,A,,A,,A
20233,05232074,2,0,1,175,D,4,D,,A,,A,,A,,A,,A,,A,,A,,A,,A,,A
20233,05233064,3,0,1,175,D,36,D,,A,,A,,A,,A,,A,,A,,A,,A,,A,,A
20233,05233554,3,0,1,,A,,A,30,D,,A,,A,,A,,A,,A,,A,,A,,A,,A
20233,05234294,6,0,1,220,D,6000,D,,A,,A,,A,,A,,A,,A,,A,,A,,A,,A
20233,05234404,9,0,1,,A,,A,55,D,,A,,A,,A,,A,,A,,A,,A,,A,,A
20233,05234734,5,0,1,300,D,700,D,,A,,A,,A,,A,,A,,A,,A,,A,,A,,A
20233,05235284,8,0,1,,A,,A,20,D,,A,,A,,A,,A,,A,,A,,A,,A,,A
20233,05235544,7,0,1,220,D,250,D,,A,,A,,A,,A,,A,,A,,A,,A,,A,,A
20233,05235964,8,0,1,,A,,A,48,D,,A,,A,,A,,A,,A,,A,,A,,A,,A
20233,05236374,3,0,1,235,D,450,D,,A,,A,,A,,A,,A,,A,,A,,A,,A,,A
20233,05236744,3,0,1,110,D,1548,D,,A,,A,,A,,A,,A,,A,,A,,A,,A,,A
20233,05251983,7,0,1,300,D,1500,D,,A,,A,,A,,A,,A,,A,,A,,A,,A,,A
20233,05252313,3,0,1,310,D,,H,60,D,310,D,300,D,,A,,A,,A,,A,,A,,A,,A
20233,05252313,3,1,1,175,D,153,E,,A,,A,,A,,A,,A,,A,,A,,A,,A,,A
20233,05252313,3,2,1,260,D,255,E,,A,,A,,A,,A,,A,,A,,A,,A,,A,,A
20233,05252313,3,3,1,300,D,192,E,,A,,A,,A,,A,,A,,A,,A,,A,,A,,A
20233,05253203,6,0,1,175,D,40,D,,A,,A,,A,,A,,A,,A,,A,,A,,A,,A
20233,05254113,4,0,1,150,D,134,D,,A,,A,,A,,A,,A,,A,,A,,A,,A,,A
20233,05254413,3,0,1,175,D,100,D,,A,,A,,A,,A,,A,,A,,A,,A,,A,,A
20233,05254743,5,0,1,210,D,58,D,,A,,A,,A,,A,,A,,A,,A,,A,,A,,A
20233,05255633,6,0,1,,A,,A,12,D,,A,,A,,A,,A,,A,,A,,A,,A,,A
20233,05256373,6,0,1,,A,,A,200,D,,A,,A,,A,,A,,A,,A,,A,,A,,A
20233,05257193,5,0,1,160,D,300,D,,A,,A,,A,,A,,A,,A,,A,,A,,A,,A
20233,05258093,2,0,1,,A,,A,20,D,,A,,A,,A,,A,,A,,A,,A,,A,,A
20233,05259253,4,0,1,175,D,6,D,,A,,A,,A,,A,,A,,A,,A,,A,,A,,A
20233,05259713,10,0,1,190,D,50,D,,A,,A,,A,,A,,A,,A,,A,,A,,A,,A
20233,05259793,7,0,1,,A,,A,100,D,,A,,A,,A,,A,,A,,A,,A,,A,,A
20233,05260823,3,0,1,175,D,125,D,,A,,A,,A,,A,,A,,A,,A,,A,,A,,A
20233,05261563,9,0,1,,A,,A,100,D,,A,,A,,A,,A,,A,,A,,A,,A,,A
20233,05262293,9,0,1,100,D,700,D,,A,,A,,A,,A,,A,,A,,A,,A,,A,,A
20233,05266403,2,0,1,,A,,A,109,D,,A,,A,,A,,A,,A,,A,,A,,A,,A
20233,05267523,6,0,1,,A,,A,15,D,,A,,A,,A,,A,,A,,A,,A,,A,,A
20233,05267543,7,0,1,130,D,1500,D,,A,,A,,A,,A,,A,,A,,A,,A,,A,,A
20233,05269473,6,0,1,,A,,A,800,D,,A,,A,,A,,A,,A,,A,,A,,A,,A
20233,05269703,4,0,1,300,D,500,D,,A,,A,,A,,A,,A,,A,,A,,A,,A,,A
20233,05271333,6,0,1,,A,,A,100,D,,A,,A,,A,,A,,A,,A,,A,,A,,A
20233,05273783,5,0,1,140,D,100,D,,A,,A,,A,,A,,A,,A,,A,,A,,A,,A
20233,05273913,4,0,1,,A,,A,60,D,,A,,A,,A,,A,,A,,A,,A,,A,,A
20233,05274523,4,0,1,,A,,A,138,D,,A,,A,,A,,A,,A,,A,,A,,A,,A
20233,05274693,4,0,1,290,D,6192,D,,A,,A,,A,,A,,A,,A,,A,,A,,A,,A
20233,05274723,4,0,1,175,D,57,D,,A,,A,,A,,A,,A,,A,,A,,A,,A,,A
20233,05276023,7,0,1,300,D,40,D,,A,,A,,A,,A,,A,,A,,A,,A,,A,,A
20233,05278463,6,0,1,300,D,6800,D,,A,,A,,A,,A,,A,,A,,A,,A,,A,,A
20233,05278883,2,0,1,160,D,9867,T,,A,,A,,A,,A,,A,,A,,A,,A,,A,,A
20233,05279343,15,0,1,235,D,250,D,,A,,A,,A,,A,,A,,A,,A,,A,,A,,A
20233,05280153,4,0,1,,A,,A,2000,D,,A,,A,,A,,A,,A,,A,,A,,A,,A
20233,05280563,4,0,1,150,D,9867,T,,A,,A,,A,,A,,A,,A,,A,,A,,A,,A
20233,05280713,12,0,1,175,D,75,D,,A,,A,,A,,A,,A,,A,,A,,A,,A,,A
20233,05281113,3,0,1,300,D,40,D,,A,,A,,A,,A,,A,,A,,A,,A,,A,,A
20233,05281303,10,0,1,190,D,40,D,,A,,A,,A,,A,,A,,A,,A,,A,,A,,A
20233,05281653,6,0,1,,A,,A,150,D,,A,,A,,A,,A,,A,,A,,A,,A,,A
20233,05283143,4,0,1,300,D,2000,D,,A,,A,,A,,A,,A,,A,,A,,A,,A,,A
20233,05283663,11,0,1,235,D,500,D,,A,,A,,A,,A,,A,,A,,A,,A,,A,,A
20233,05284723,10,0,1,175,D,75,D,,A,,A,,A,,A,,A,,A,,A,,A,,A,,A
20233,05286372,3,0,1,,A,,A,835,D,,A,,A,,A,,A,,A,,A,,A,,A,,A
20233,05287702,5,0,1,300,D,70,D,,A,,A,,A,,A,,A,,A,,A,,A,,A,,A
20233,05287892,3,0,1,150,D,40,D,,A,,A,,A,,A,,A,,A,,A,,A,,A,,A
20233,05290232,6,0,1,130,D,100,D,,A,,A,,A,,A,,A,,A,,A,,A,,A,,A
20233,05292112,8,0,1,,A,,A,238,D,,A,,A,,A,,A,,A,,A,,A,,A,,A
20233,05292542,12,0,1,175,D,40,D,273,D,,A,,A,,A,,A,,A,,A,,A,,A,,A
20233,05294252,4,0,1,140,D,300,D,20,D,,A,,A,,A,,A,,A,,A,,A,,A,,A
20233,05294442,7,0,1,,A,,A,150,D,,A,,A,,A,,A,,A,,A,,A,,A,,A
20233,05294772,4,0,1,,A,,A,120,D,,A,,A,,A,,A,,A,,A,,A,,A,,A
20233,05295732,5,0,1,175,D,97,D,,A,,A,,A,,A,,A,,A,,A,,A,,A,,A
20233,05296732,9,0,1,130,D,2000,D,,A,,A,,A,,A,,A,,A,,A,,A,,A,,A
20233,05297562,14,0,1,,A,,A,70,D,,A,,A,,A,,A,,A,,A,,A,,A,,A
20233,05297592,4,0,1,260,D,200,D,,A,,A,,A,,A,,A,,A,,A,,A,,A,,A
20233,05344162,9,0,1,175,D,120,D,,A,,A,,A,,A,,A,,A,,A,,A,,A,,A
20233,05345042,10,0,1,175,D,165,D,,A,,A,,A,,A,,A,,A,,A,,A,,A,,A
20233,05345322,14,0,1,300,D,1000,D,,A,,A,,A,,A,,A,,A,,A,,A,,A,,A
20233,05345632,7,0,1,,A,,A,333,D,,A,,A,,A,,A,,A,,A,,A,,A,,A
20233,05346502,6,0,1,,A,,A,25,D,,A,,A,,A,,A,,A,,A,,A,,A,,A
20233,05347422,6,0,1,300,D,10,D,,A,,A,,A,,A,,A,,A,,A,,A,,A,,A
20233,05349032,9,0,1,175,D,100,D,,A,,A,,A,,A,,A,,A,,A,,A,,A,,A
20233,05349182,3,0,1,,A,,A,4000,D,,A,,A,,A,,A,,A,,A,,A,,A,,A
20233,05349192,5,0,1,140,D,1000,D,,A,,A,,A,,A,,A,,A,,A,,A,,A,,A
20233,05349462,4,0,1,,A,,A,70,D,,A,,A,,A,,A,,A,,A,,A,,A,,A
20233,05350692,4,0,1,280,D,50,D,,A,,A,,A,,A,,A,,A,,A,,A,,A,,A
20233,05352892,5,0,1,300,D,200,D,,A,,A,,A,,A,,A,,A,,A,,A,,A,,A
20233,05356353,9,0,1,,A,,A,60,D,,A,,A,,A,,A,,A,,A,,A,,A,,A
20233,05357482,2,0,1,,A,,A,458,D,,A,,A,,A,,A,,A,,A,,A,,A,,A
20233,05357612,7,0,1,210,D,2200,D,,A,,A,,A,,A,,A,,A,,A,,A,,A,,A
20233,05358132,7,0,1,210,D,230,D,,A,,A,,A,,A,,A,,A,,A,,A,,A,,A
20233,05358372,5,0,1,300,D,,A,250,D,,A,,A,,A,,A,,A,,A,,A,,A,,A
20233,05358462,3,0,1,175,D,100,D,,A,,A,,A,,A,,A,,A,,A,,A,,A,,A
20233,05359212,8,0,1,310,D,,H,,A,300,D,260,D,,A,,A,,A,,A,,A,,A,,A
20233,05359212,8,1,1,300,D,50,E,,A,,A,,A,,A,,A,,A,,A,,A,,A,,A
20233,05360872,6,0,1,,A,,A,1000,D,,A,,A,,A,,A,,A,,A,,A,,A,,A
20233,05361462,3,0,1,,A,,A,150,D,,A,,A,,A,,A,,A,,A,,A,,A,,A
20233,05361912,5,0,1,,A,,A,300,D,,A,,A,,A,,A,,A,,A,,A,,A,,A
20233,05362052,4,0,1,210,D,200,D,,A,,A,,A,,A,,A,,A,,A,,A,,A,,A
20233,05362732,2,0,1,300,D,300,D,,A,,A,,A,,A,,A,,A,,A,,A,,A,,A
20233,05363172,4,0,1,240,D,130,D,,A,,A,,A,,A,,A,,A,,A,,A,,A,,A
20233,05364532,9,0,1,210,D,8,D,,A,,A,,A,,A,,A,,A,,A,,A,,A,,A
20233,05364822,5,0,1,,A,,A,60,D,,A,,A,,A,,A,,A,,A,,A,,A,,A
20233,05365632,6,0,1,300,D,200,D,,A,,A,,A,,A,,A,,A,,A,,A,,A,,A
20233,05412074,2,0,1,,A,,A,1000,D,,A,,A,,A,,A,,A,,A,,A,,A,,A
20233,05412201,8,0,1,175,D,200,D,,A,,A,,A,,A,,A,,A,,A,,A,,A,,A
20233,05412691,4,0,1,,A,,A,500,D,,A,,A,,A,,A,,A,,A,,A,,A,,A
20233,05412761,4,0,1,300,D,300,D,,A,,A,,A,,A,,A,,A,,A,,A,,A,,A
20233,05412891,2,0,1,235,D,3500,D,2600,D,,A,,A,,A,,A,,A,,A,,A,,A,,A
20233,05412931,4,0,1,,A,,A,150,D,,A,,A,,A,,A,,A,,A,,A,,A,,A
20233,05414441,3,0,1,300,D,230,D,,A,,A,,A,,A,,A,,A,,A,,A,,A,,A
20233,05414561,5,0,1,310,D,,H,,A,235,D,200,D,,A,,A,,A,,A,,A,,A,,A
20233,05414561,5,1,1,200,D,300,E,,A,,A,,A,,A,,A,,A,,A,,A,,A,,A
20233,05414691,3,0,1,140,D,300,D,,A,,A,,A,,A,,A,,A,,A,,A,,A,,A
20233,05415441,5,0,1,130,D,4000,D,,A,,A,,A,,A,,A,,A,,A,,A,,A,,A
20233,05415851,5,0,1,310,D,,H,,A,175,D,260,D,,A,,A,,A,,A,,A,,A,,A
20233,05415851,5,1,1,175,D,5000,E,,A,,A,,A,,A,,A,,A,,A,,A,,A,,A
20233,05415981,8,0,1,,A,,A,15,D,,A,,A,,A,,A,,A,,A,,A,,A,,A
20233,05417741,7,0,1,300,D,150,D,30,D,,A,,A,,A,,A,,A,,A,,A,,A,,A
20233,05418742,2,0,1,300,D,1000,D,,A,,A,,A,,A,,A,,A,,A,,A,,A,,A
20233,05418871,4,0,1,,A,,A,350,D,,A,,A,,A,,A,,A,,A,,A,,A,,A
20233,05418911,6,0,1,140,D,100,D,,A,,A,,A,,A,,A,,A,,A,,A,,A,,A
20233,05419061,7,0,1,,A,,A,500,D,,A,,A,,A,,A,,A,,A,,A,,A,,A
20233,05419251,4,0,1,,A,,A,25,D,,A,,A,,A,,A,,A,,A,,A,,A,,A
20233,05419871,3,0,1,,A,,A,30,D,,A,,A,,A,,A,,A,,A,,A,,A,,A
20233,05420241,4,0,1,130,D,500,D,,A,,A,,A,,A,,A,,A,,A,,A,,A,,A
20233,05420711,3,0,1,,A,,A,700,D,,A,,A,,A,,A,,A,,A,,A,,A,,A
20233,05421401,3,0,1,,A,,A,200,D,,A,,A,,A,,A,,A,,A,,A,,A,,A
20233,05421501,9,0,1,130,D,1200,D,,A,,A,,A,,A,,A,,A,,A,,A,,A,,A
20233,05421841,4,0,1,175,D,460,D,,A,,A,,A,,A,,A,,A,,A,,A,,A,,A
20233,05423191,9,0,1,175,D,300,D,,A,,A,,A,,A,,A,,A,,A,,A,,A,,A
20233,05423351,5,0,1,310,D,,H,200,D,310,D,260,D,,A,,A,,A,,A,,A,,A,,A
20233,05423351,5,1,1,130,D,195,E,,A,,A,,A,,A,,A,,A,,A,,A,,A,,A
20233,05423351,5,2,1,175,D,5,E,,A,,A,,A,,A,,A,,A,,A,,A,,A,,A
20233,05423791,4,0,1,,A,,A,700,D,,A,,A,,A,,A,,A,,A,,A,,A,,A
20233,05423851,6,0,1,300,D,25,D,,A,,A,,A,,A,,A,,A,,A,,A,,A,,A
20233,05423991,2,0,1,175,D,50,D,,A,,A,,A,,A,,A,,A,,A,,A,,A,,A
20233,05424431,4,0,1,,A,,A,115,D,,A,,A,,A,,A,,A,,A,,A,,A,,A
20233,05425401,6,0,1,300,D,200,D,,A,,A,,A,,A,,A,,A,,A,,A,,A,,A
20233,05425531,3,0,1,,A,,A,4100,D,,A,,A,,A,,A,,A,,A,,A,,A,,A
20233,05425921,7,0,1,300,D,2000,D,,A,,A,,A,,A,,A,,A,,A,,A,,A,,A
20233,05426181,7,0,1,300,D,350,D,,A,,A,,A,,A,,A,,A,,A,,A,,A,,A
20233,05426411,2,0,1,200,D,120,D,,A,,A,,A,,A,,A,,A,,A,,A,,A,,A
20233,05427181,6,0,1,175,D,250,D,,A,,A,,A,,A,,A,,A,,A,,A,,A,,A
20233,05427211,5,0,1,,A,,A,100,D,,A,,A,,A,,A,,A,,A,,A,,A,,A
20233,05427761,8,0,1,,A,,A,16,D,,A,,A,,A,,A,,A,,A,,A,,A,,A
20233,05427801,7,0,1,,A,,A,40,F,,A,,A,,A,,A,,A,,A,,A,,A,,A
20233,05428071,3,0,1,130,D,2000,D,,A,,A,,A,,A,,A,,A,,A,,A,,A,,A
20233,05428801,4,0,1,,A,,A,200,D,,A,,A,,A,,A,,A,,A,,A,,A,,A
20233,05429351,7,0,1,130,D,700,D,400,D,,A,,A,,A,,A,,A,,A,,A,,A,,A
20233,05430001,7,0,1,,A,,A,100,D,,A,,A,,A,,A,,A,,A,,A,,A,,A
20233,05430701,12,0,1,,A,,A,200,D,,A,,A,,A,,A,,A,,A,,A,,A,,A
20233,05431101,3,0,1,,A,,A,2500,D,,A,,A,,A,,A,,A,,A,,A,,A,,A
20233,05431301,2,0,1,300,D,80,D,,A,,A,,A,,A,,A,,A,,A,,A,,A,,A
20233,05431511,7,0,1,175,D,100,D,,A,,A,,A,,A,,A,,A,,A,,A,,A,,A
20233,05431931,7,0,1,,A,,A,26,D,,A,,A,,A,,A,,A,,A,,A,,A,,A
20233,05432061,2,0,1,175,D,50,D,,A,,A,,A,,A,,A,,A,,A,,A,,A,,A
20233,05432071,4,0,1,110,D,237,D,163,D,,A,,A,,A,,A,,A,,A,,A,,A,,A
20233,05432101,5,0,1,,A,,A,100,D,,A,,A,,A,,A,,A,,A,,A,,A,,A
20233,05432251,2,0,1,130,D,8000,D,,A,,A,,A,,A,,A,,A,,A,,A,,A,,A
20233,05432401,3,0,1,280,D,4500,D,,A,,A,,A,,A,,A,,A,,A,,A,,A,,A
20233,05433083,2,0,1,,A,,A,60,D,,A,,A,,A,,A,,A,,A,,A,,A,,A
20233,05433601,5,0,1,300,D,1600,D,,A,,A,,A,,A,,A,,A,,A,,A,,A,,A
20233,05434633,7,0,1,,A,,A,200,D,,A,,A,,A,,A,,A,,A,,A,,A,,A
20233,05434741,6,0,1,130,D,300,D,,A,,A,,A,,A,,A,,A,,A,,A,,A,,A
20233,05436901,5,0,1,,A,,A,300,D,,A,,A,,A,,A,,A,,A,,A,,A,,A
20233,05439211,3,0,1,300,D,1000,D,500,D,,A,,A,,A,,A,,A,,A,,A,,A,,A
20233,05439221,2,0,1,130,D,1000,D,100,D,,A,,A,,A,,A,,A,,A,,A,,A,,A
20233,05439241,7,0,1,280,D,50,D,,A,,A,,A,,A,,A,,A,,A,,A,,A,,A
20233,05439631,13,0,1,300,D,975,D,,A,,A,,A,,A,,A,,A,,A,,A,,A,,A
20233,05439731,4,0,1,,A,,A,59,D,,A,,A,,A,,A,,A,,A,,A,,A,,A
20233,05440321,3,0,1,140,D,200,D,,A,,A,,A,,A,,A,,A,,A,,A,,A,,A
20233,05444011,8,0,1,,A,,A,150,D,,A,,A,,A,,A,,A,,A,,A,,A,,A
20233,05444041,9,0,1,,A,,A,1000,D,,A,,A,,A,,A,,A,,A,,A,,A,,A
20233,05445101,6,0,1,,A,,A,40,D,,A,,A,,A,,A,,A,,A,,A,,A,,A
20233,05445114,7,0,1,,A,,A,50,D,,A,,A,,A,,A,,A,,A,,A,,A,,A
20233,05446511,4,0,1,,A,,A,300,D,,A,,A,,A,,A,,A,,A,,A,,A,,A
20233,05446571,3,0,1,,A,,A,5,D,,A,,A,,A,,A,,A,,A,,A,,A,,A
20234,05255734,6,0,1,200,D,128,D,,A,,A,,A,,A,,A,,A,,A,,A,,A,,A
20234,05256204,9,0,1,130,D,1570,D,40,D,,A,,A,,A,,A,,A,,A,,A,,A,,A
20234,05257574,3,0,1,,A,,A,150,D,,A,,A,,A,,A,,A,,A,,A,,A,,A
20234,05257624,5,0,1,310,D,,H,,A,140,D,210,D,,A,,A,,A,,A,,A,,A,,A
20234,05257624,5,1,1,140,D,93,E,,A,,A,,A,,A,,A,,A,,A,,A,,A,,A
20234,05257624,5,2,1,210,D,337,E,,A,,A,,A,,A,,A,,A,,A,,A,,A,,A
20234,05257734,6,0,1,175,D,75,D,,A,,A,,A,,A,,A,,A,,A,,A,,A,,A
20234,05259014,15,0,1,,A,,A,115,D,,A,,A,,A,,A,,A,,A,,A,,A,,A
20234,05261204,8,0,1,235,D,55,D,90,D,,A,,A,,A,,A,,A,,A,,A,,A,,A
20234,05262294,5,0,1,175,D,600,D,,A,,A,,A,,A,,A,,A,,A,,A,,A,,A
20234,05262814,3,0,1,300,D,100,D,,A,,A,,A,,A,,A,,A,,A,,A,,A,,A
20234,05263394,2,0,1,,A,,A,150,D,,A,,A,,A,,A,,A,,A,,A,,A,,A
20234,05265664,5,0,1,300,D,800,D,,A,,A,,A,,A,,A,,A,,A,,A,,A,,A
20234,05266504,4,0,1,140,D,163,D,,A,,A,,A,,A,,A,,A,,A,,A,,A,,A
20234,05266954,5,0,1,100,D,700,F,,A,,A,,A,,A,,A,,A,,A,,A,,A,,A
20234,05271104,5,0,1,,A,,A,135,D,,A,,A,,A,,A,,A,,A,,A,,A,,A
20234,05271334,6,0,1,300,D,600,D,,A,,A,,A,,A,,A,,A,,A,,A,,A,,A
20234,05272214,3,0,1,300,D,500,D,,A,,A,,A,,A,,A,,A,,A,,A,,A,,A
20234,05273444,5,0,1,,A,,A,65,D,,A,,A,,A,,A,,A,,A,,A,,A,,A
20234,05273914,2,0,1,,A,,A,58,D,,A,,A,,A,,A,,A,,A,,A,,A,,A
20234,05274504,3,0,1,210,D,7000,D,,A,,A,,A,,A,,A,,A,,A,,A,,A,,A
20234,05274634,2,0,1,300,D,357,D,,A,,A,,A,,A,,A,,A,,A,,A,,A,,A
20234,05275094,3,0,1,130,D,200,D,,A,,A,,A,,A,,A,,A,,A,,A,,A,,A
20234,05276444,6,0,1,,A,,A,220,D,,A,,A,,A,,A,,A,,A,,A,,A,,A
20234,05277024,11,0,1,300,D,280,D,,A,,A,,A,,A,,A,,A,,A,,A,,A,,A
20234,05277234,5,0,1,175,D,50,D,57,D,,A,,A,,A,,A,,A,,A,,A,,A,,A
20234,05279344,16,0,1,160,D,100,D,,A,,A,,A,,A,,A,,A,,A,,A,,A,,A
20234,05280234,4,0,1,,A,,A,100,D,,A,,A,,A,,A,,A,,A,,A,,A,,A
20234,05280524,4,0,1,280,D,1500,D,,A,,A,,A,,A,,A,,A,,A,,A,,A,,A
20234,05280664,16,0,1,130,D,200,D,,A,,A,,A,,A,,A,,A,,A,,A,,A,,A
20234,05280714,9,0,1,,A,,A,134,D,,A,,A,,A,,A,,A,,A,,A,,A,,A
20234,05282174,3,0,1,,A,,A,65,D,,A,,A,,A,,A,,A,,A,,A,,A,,A
20234,05282304,5,0,1,175,D,100,D,,A,,A,,A,,A,,A,,A,,A,,A,,A,,A
20234,05284084,4,0,1,,A,,A,100,D,,A,,A,,A,,A,,A,,A,,A,,A,,A
20234,05284194,11,0,1,300,D,50,D,,A,,A,,A,,A,,A,,A,,A,,A,,A,,A
20234,05284724,11,0,1,235,D,200,D,,A,,A,,A,,A,,A,,A,,A,,A,,A,,A
20234,05285254,2,0,1,210,D,400,D,,A,,A,,A,,A,,A,,A,,A,,A,,A,,A
20234,05287183,4,0,1,235,D,4000,D,,A,,A,,A,,A,,A,,A,,A,,A,,A,,A
20234,05287443,10,0,1,210,D,1000,D,,A,,A,,A,,A,,A,,A,,A,,A,,A,,A
20234,05289023,2,0,1,200,D,30,D,,A,,A,,A,,A,,A,,A,,A,,A,,A,,A
20234,05289773,4,0,1,,A,,A,1500,D,,A,,A,,A,,A,,A,,A,,A,,A,,A
20234,05290913,3,0,1,300,D,700,D,,A,,A,,A,,A,,A,,A,,A,,A,,A,,A
20234,05290993,10,0,1,,A,,A,50,D,,A,,A,,A,,A,,A,,A,,A,,A,,A
20234,05291013,6,0,1,175,D,230,D,,A,,A,,A,,A,,A,,A,,A,,A,,A,,A
20234,05291413,10,0,1,280,D,31,D,,A,,A,,A,,A,,A,,A,,A,,A,,A,,A
20234,05292543,18,0,1,210,D,102,D,,A,,A,,A,,A,,A,,A,,A,,A,,A,,A
20234,05292823,6,0,1,300,D,86,D,,A,,A,,A,,A,,A,,A,,A,,A,,A,,A
20234,05293313,4,0,1,200,D,110,D,,A,,A,,A,,A,,A,,A,,A,,A,,A,,A
20234,05293323,6,0,1,,A,,A,300,D,,A,,A,,A,,A,,A,,A,,A,,A,,A
20234,05293343,2,0,1,,A,,A,200,F,,A,,A,,A,,A,,A,,A,,A,,A,,A
20234,05293503,6,0,1,175,D,30,D,,A,,A,,A,,A,,A,,A,,A,,A,,A,,A
20234,05294693,3,0,1,240,D,150,D,,A,,A,,A,,A,,A,,A,,A,,A,,A,,A
20234,05295563,18,0,1,130,D,170,D,,A,,A,,A,,A,,A,,A,,A,,A,,A,,A
20234,05295833,4,0,1,140,D,100,D,,A,,A,,A,,A,,A,,A,,A,,A,,A,,A
20234,05296423,6,0,1,,A,,A,80,D,,A,,A,,A,,A,,A,,A,,A,,A,,A
20234,05296733,6,0,1,130,D,16250,T,,A,,A,,A,,A,,A,,A,,A,,A,,A,,A
20234,05344083,9,0,1,,A,,A,1000,D,,A,,A,,A,,A,,A,,A,,A,,A,,A
20234,05344163,9,0,1,175,D,90,D,,A,,A,,A,,A,,A,,A,,A,,A,,A,,A
20234,05344243,8,0,1,175,D,60,D,,A,,A,,A,,A,,A,,A,,A,,A,,A,,A
20234,05345123,9,0,1,175,D,75,D,,A,,A,,A,,A,,A,,A,,A,,A,,A,,A
20234,05345583,6,0,1,175,D,350,D,,A,,A,,A,,A,,A,,A,,A,,A,,A,,A
20234,05345763,5,0,1,175,D,54,D,,A,,A,,A,,A,,A,,A,,A,,A,,A,,A
20234,05346553,8,0,1,300,D,200,D,,A,,A,,A,,A,,A,,A,,A,,A,,A,,A
20234,05347473,4,0,1,,A,,A,1000,F,,A,,A,,A,,A,,A,,A,,A,,A,,A
20234,05348173,3,0,1,,A,,A,100,D,,A,,A,,A,,A,,A,,A,,A,,A,,A
20234,05350773,3,0,1,,A,,A,18,D,,A,,A,,A,,A,,A,,A,,A,,A,,A
20234,05350843,6,0,1,,A,,A,2164,D,,A,,A,,A,,A,,A,,A,,A,,A,,A
20234,05350943,2,0,1,210,D,150,D,,A,,A,,A,,A,,A,,A,,A,,A,,A,,A
20234,05351163,4,0,1,,A,,A,200,D,,A,,A,,A,,A,,A,,A,,A,,A,,A
20234,05353623,2,0,1,190,D,15,D,,A,,A,,A,,A,,A,,A,,A,,A,,A,,A
20234,05355883,3,0,1,175,D,50,D,,A,,A,,A,,A,,A,,A,,A,,A,,A,,A
20234,05357153,3,0,1,300,D,200,D,,A,,A,,A,,A,,A,,A,,A,,A,,A,,A
20234,05357823,3,0,1,300,D,500,D,,A,,A,,A,,A,,A,,A,,A,,A,,A,,A
20234,05358933,31,0,1,280,D,,A,10000,D,,A,,A,,A,,A,,A,,A,,A,,A,,A
20234,05359093,44,0,2,235,D,,A,2817,D,,A,,A,,A,,A,,A,,A,,A,,A,,A
20234,05359213,10,0,1,260,D,400,D,,A,,A,,A,,A,,A,,A,,A,,A,,A,,A
20234,05360553,15,0,1,,A,,A,300,D,,A,,A,,A,,A,,A,,A,,A,,A,,A
20234,05360883,5,0,1,,A,,A,30,D,,A,,A,,A,,A,,A,,A,,A,,A,,A
20234,05363103,3,0,1,,A,,A,100,D,,A,,A,,A,,A,,A,,A,,A,,A,,A
20234,05363743,3,0,1,,A,,A,450,D,,A,,A,,A,,A,,A,,A,,A,,A,,A
20234,05364603,13,0,1,140,D,150,D,,A,,A,,A,,A,,A,,A,,A,,A,,A,,A
20234,05365073,14,0,1,190,D,15,D,,A,,A,,A,,A,,A,,A,,A,,A,,A,,A
20234,05365433,7,0,1,140,D,40,D,,A,,A,,A,,A,,A,,A,,A,,A,,A,,A
20234,05365453,7,0,1,,A,,A,118,D,,A,,A,,A,,A,,A,,A,,A,,A,,A
20234,05366143,17,0,1,300,D,,A,1500,D,,A,,A,,A,,A,,A,,A,,A,,A,,A
20234,05411702,2,0,1,280,D,150,D,,A,,A,,A,,A,,A,,A,,A,,A,,A,,A
20234,05411962,3,0,1,175,D,80,D,,A,,A,,A,,A,,A,,A,,A,,A,,A,,A
20234,05411992,9,0,1,140,D,30,D,,A,,A,,A,,A,,A,,A,,A,,A,,A,,A
20234,05412602,6,0,1,150,D,300,D,,A,,A,,A,,A,,A,,A,,A,,A,,A,,A
20234,05413742,2,0,1,120,D,1000,D,,A,,A,,A,,A,,A,,A,,A,,A,,A,,A
20234,05414442,2,0,1,300,D,325,D,,A,,A,,A,,A,,A,,A,,A,,A,,A,,A
20234,05415442,4,0,1,130,D,5000,D,,A,,A,,A,,A,,A,,A,,A,,A,,A,,A
20234,05415982,5,0,1,260,D,90,D,,A,,A,,A,,A,,A,,A,,A,,A,,A,,A
20234,05416112,14,0,1,160,D,100,F,,A,,A,,A,,A,,A,,A,,A,,A,,A,,A
20234,05417612,16,0,1,130,D,3000,D,,A,,A,,A,,A,,A,,A,,A,,A,,A,,A
20234,05420422,4,0,1,175,D,35,D,,A,,A,,A,,A,,A,,A,,A,,A,,A,,A
20234,05421502,5,0,1,130,D,1000,D,,A,,A,,A,,A,,A,,A,,A,,A,,A,,A
20234,05421612,3,0,1,,A,,A,150,D,,A,,A,,A,,A,,A,,A,,A,,A,,A
20234,05423282,4,0,1,,A,,A,9,D,,A,,A,,A,,A,,A,,A,,A,,A,,A
20234,05424102,3,0,1,,A,,A,100,D,,A,,A,,A,,A,,A,,A,,A,,A,,A
20234,05425922,3,0,1,140,D,500,D,,A,,A,,A,,A,,A,,A,,A,,A,,A,,A
20234,05426412,3,0,1,,A,,A,10,D,,A,,A,,A,,A,,A,,A,,A,,A,,A
20234,05426682,3,0,1,175,D,5500,D,,A,,A,,A,,A,,A,,A,,A,,A,,A,,A
20234,05427762,4,0,1,,A,,A,27,D,,A,,A,,A,,A,,A,,A,,A,,A,,A
20234,05428962,8,0,1,310,D,,H,,A,310,D,260,D,,A,,A,,A,,A,,A,,A,,A
20234,05428962,8,1,1,130,D,1624,E,,A,,A,,A,,A,,A,,A,,A,,A,,A,,A
20234,05428962,8,2,1,140,D,1324,E,,A,,A,,A,,A,,A,,A,,A,,A,,A,,A
20234,05428962,8,3,1,175,D,731,E,,A,,A,,A,,A,,A,,A,,A,,A,,A,,A
20234,05428962,8,4,1,190,D,2030,E,,A,,A,,A,,A,,A,,A,,A,,A,,A,,A
20234,05428962,8,5,1,235,D,446,E,,A,,A,,A,,A,,A,,A,,A,,A,,A,,A
20234,05428962,8,6,1,280,D,1218,E,,A,,A,,A,,A,,A,,A,,A,,A,,A,,A
20234,05428962,8,7,1,300,D,2277,E,,A,,A,,A,,A,,A,,A,,A,,A,,A,,A
20234,05429964,2,0,1,130,D,1800,D,,A,,A,,A,,A,,A,,A,,A,,A,,A,,A
20234,05430122,3,0,1,260,D,307,D,,A,,A,,A,,A,,A,,A,,A,,A,,A,,A
20234,05430242,5,0,1,,A,,A,100,D,,A,,A,,A,,A,,A,,A,,A,,A,,A
20234,05430702,6,0,1,200,D,270,D,,A,,A,,A,,A,,A,,A,,A,,A,,A,,A
20234,05430752,5,0,1,160,D,1870,D,,A,,A,,A,,A,,A,,A,,A,,A,,A,,A
20234,05432232,6,0,1,300,D,25,D,,A,,A,,A,,A,,A,,A,,A,,A,,A,,A
20234,05433172,5,0,1,130,D,651,D,,A,,A,,A,,A,,A,,A,,A,,A,,A,,A
20234,05433372,4,0,1,,A,,A,8,D,,A,,A,,A,,A,,A,,A,,A,,A,,A
20234,05433982,5,0,1,130,D,2000,D,,A,,A,,A,,A,,A,,A,,A,,A,,A,,A
20234,05434072,11,0,1,,A,,A,60,F,,A,,A,,A,,A,,A,,A,,A,,A,,A
20234,05435732,12,0,1,280,D,70,D,,A,,A,,A,,A,,A,,A,,A,,A,,A,,A
20234,05436452,4,0,1,140,D,300,D,,A,,A,,A,,A,,A,,A,,A,,A,,A,,A
20234,05436762,7,0,1,175,D,125,D,,A,,A,,A,,A,,A,,A,,A,,A,,A,,A
20234,05437942,4,0,1,200,D,110,D,,A,,A,,A,,A,,A,,A,,A,,A,,A,,A
20234,05438992,6,0,1,190,D,250,D,,A,,A,,A,,A,,A,,A,,A,,A,,A,,A
20234,05439452,4,0,1,260,D,318,D,,A,,A,,A,,A,,A,,A,,A,,A,,A,,A
20234,05440233,3,0,1,175,D,200,D,,A,,A,,A,,A,,A,,A,,A,,A,,A,,A
20234,05440302,2,0,1,,A,,A,9,D,,A,,A,,A,,A,,A,,A,,A,,A,,A
20234,05440822,10,0,1,130,D,150,D,,A,,A,,A,,A,,A,,A,,A,,A,,A,,A
20234,05440942,4,0,1,235,D,6000,D,,A,,A,,A,,A,,A,,A,,A,,A,,A,,A
20234,05441962,18,0,1,280,D,1000,D,,A,,A,,A,,A,,A,,A,,A,,A,,A,,A
20234,05442512,5,0,1,175,D,60,D,,A,,A,,A,,A,,A,,A,,A,,A,,A,,A
20234,05442592,4,0,1,280,D,150,D,,A,,A,,A,,A,,A,,A,,A,,A,,A,,A
20234,05445062,4,0,1,,A,,A,10000,F,,A,,A,,A,,A,,A,,A,,A,,A,,A
20234,05445982,3,0,1,,A,,A,4,D,,A,,A,,A,,A,,A,,A,,A,,A,,A
20234,05446032,22,0,1,200,D,225,D,,A,,A,,A,,A,,A,,A,,A,,A,,A,,A
20234,05539051,3,0,1,,A,,A,10,D,,A,,A,,A,,A,,A,,A,,A,,A,,A
20234,05539451,3,0,1,130,D,275,D,,A,,A,,A,,A,,A,,A,,A,,A,,A,,A
20234,05539641,5,0,1,190,D,300,D,,A,,A,,A,,A,,A,,A,,A,,A,,A,,A
20234,05539981,11,0,1,300,D,12,D,,A,,A,,A,,A,,A,,A,,A,,A,,A,,A
20234,05540291,4,0,1,300,D,600,D,,A,,A,,A,,A,,A,,A,,A,,A,,A,,A
20234,05541741,4,0,1,235,D,200,D,,A,,A,,A,,A,,A,,A,,A,,A,,A,,A
20234,05542251,4,0,1,,A,,A,200,D,,A,,A,,A,,A,,A,,A,,A,,A,,A
20234,05542781,6,0,1,130,D,700,D,200,D,,A,,A,,A,,A,,A,,A,,A,,A,,A
20234,05542971,10,0,1,,A,,A,20,D,,A,,A,,A,,A,,A,,A,,A,,A,,A
20234,05544071,3,0,1,175,D,1000,D,1000,D,,A,,A,,A,,A,,A,,A,,A,,A,,A
20234,05544921,9,0,1,280,D,7,D,,A,,A,,A,,A,,A,,A,,A,,A,,A,,A
20234,05545541,25,0,1,,A,,A,5000,D,,A,,A,,A,,A,,A,,A,,A,,A,,A
20234,05546151,2,0,1,175,D,250,D,,A,,A,,A,,A,,A,,A,,A,,A,,A,,A
20234,05547121,5,0,1,300,D,1375,D,,A,,A,,A,,A,,A,,A,,A,,A,,A,,A
20234,05547381,4,0,1,310,D,,H,,A,310,D,300,D,,A,,A,,A,,A,,A,,A,,A
20234,05547381,4,1,1,130,D,702,E,,A,,A,,A,,A,,A,,A,,A,,A,,A,,A
20234,05547381,4,2,1,175,D,14,E,,A,,A,,A,,A,,A,,A,,A,,A,,A,,A
20234,05547381,4,3,1,300,D,84,E,,A,,A,,A,,A,,A,,A,,A,,A,,A,,A
20234,05547431,3,0,1,140,D,275,D,,A,,A,,A,,A,,A,,A,,A,,A,,A,,A
20234,05549361,3,0,1,175,D,50,D,,A,,A,,A,,A,,A,,A,,A,,A,,A,,A
20234,05549541,5,0,1,,A,,A,120,D,,A,,A,,A,,A,,A,,A,,A,,A,,A
20234,05550601,4,0,1,200,D,200,D,,A,,A,,A,,A,,A,,A,,A,,A,,A,,A
20234,05550761,3,0,1,200,D,300,D,,A,,A,,A,,A,,A,,A,,A,,A,,A,,A
20234,05551561,2,0,1,130,D,800,D,,A,,A,,A,,A,,A,,A,,A,,A,,A,,A
20234,05552451,3,0,1,300,D,7000,D,,A,,A,,A,,A,,A,,A,,A,,A,,A,,A
20234,05552491,6,0,1,,A,,A,150,D,,A,,A,,A,,A,,A,,A,,A,,A,,A
20234,05552651,4,0,1,200,D,200,D,,A,,A,,A,,A,,A,,A,,A,,A,,A,,A
20234,05552731,2,0,1,300,D,7000,D,,A,,A,,A,,A,,A,,A,,A,,A,,A,,A
20234,05552971,10,0,1,175,D,150,D,,A,,A,,A,,A,,A,,A,,A,,A,,A,,A
20234,05553031,2,0,1,200,D,15,D,,A,,A,,A,,A,,A,,A,,A,,A,,A,,A
20234,05553761,5,0,1,300,D,300,D,,A,,A,,A,,A,,A,,A,,A,,A,,A,,A
20234,05554881,5,0,1,,A,,A,60,D,,A,,A,,A,,A,,A,,A,,A,,A,,A
20234,05556211,8,0,1,,A,,A,11,D,,A,,A,,A,,A,,A,,A,,A,,A,,A
20234,05556281,8,0,1,175,D,50,D,,A,,A,,A,,A,,A,,A,,A,,A,,A,,A
20234,05557331,7,0,1,,A,,A,8,D,,A,,A,,A,,A,,A,,A,,A,,A,,A
20234,05558493,3,0,1,,A,,A,2000,D,,A,,A,,A,,A,,A,,A,,A,,A,,A
20234,05558981,6,0,1,175,D,200,D,,A,,A,,A,,A,,A,,A,,A,,A,,A,,A
20234,05559951,9,0,1,,A,,A,1200,D,,A,,A,,A,,A,,A,,A,,A,,A,,A
20234,05560421,6,0,1,,A,,A,20,D,,A,,A,,A,,A,,A,,A,,A,,A,,A
20234,05560511,4,0,1,300,D,300,D,,A,,A,,A,,A,,A,,A,,A,,A,,A,,A
20234,05562601,20,0,1,200,D,,A,575,D,,A,,A,,A,,A,,A,,A,,A,,A,,A
20234,05563551,6,0,1,175,D,200,D,,A,,A,,A,,A,,A,,A,,A,,A,,A,,A
20234,05563991,7,0,1,140,D,200,D,,A,,A,,A,,A,,A,,A,,A,,A,,A,,A
20234,05565391,4,0,1,,A,,A,200,D,,A,,A,,A,,A,,A,,A,,A,,A,,A
20234,05565631,2,0,1,200,D,1500,D,,A,,A,,A,,A,,A,,A,,A,,A,,A,,A
20234,05566191,7,0,1,,A,,A,300,D,,A,,A,,A,,A,,A,,A,,A,,A,,A
20234,05566591,7,0,1,175,D,135,D,,A,,A,,A,,A,,A,,A,,A,,A,,A,,A
20234,05567111,5,0,1,300,D,90,D,,A,,A,,A,,A,,A,,A,,A,,A,,A,,A
20234,05567651,13,0,1,,A,,A,100,D,,A,,A,,A,,A,,A,,A,,A,,A,,A
20234,05567961,13,0,1,260,D,,A,1000,D,,A,,A,,A,,A,,A,,A,,A,,A,,A
20234,05568051,7,0,1,140,D,300,D,,A,,A,,A,,A,,A,,A,,A,,A,,A,,A
20234,05569541,3,0,1,300,D,100,D,,A,,A,,A,,A,,A,,A,,A,,A,,A,,A
20234,05570321,8,0,1,130,D,200,D,,A,,A,,A,,A,,A,,A,,A,,A,,A,,A
20234,05570681,4,0,1,,A,,A,250,D,,A,,A,,A,,A,,A,,A,,A,,A,,A
20234,05572721,11,0,1,310,D,,H,,A,210,D,220,D,,A,,A,,A,,A,,A,,A,,A
20234,05572721,11,1,1,210,D,120,D,,A,,A,,A,,A,,A,,A,,A,,A,,A,,A
20234,05572721,11,2,1,220,D,480,D,,A,,A,,A,,A,,A,,A,,A,,A,,A,,A
20234,05573011,15,0,1,260,D,1000,D,,A,,A,,A,,A,,A,,A,,A,,A,,A,,A
20234,05573311,3,0,1,,A,,A,2500,D,,A,,A,,A,,A,,A,,A,,A,,A,,A
20241,05286444,9,0,1,,A,,A,504,D,,A,,A,,A,,A,,A,,A,,A,,A,,A
20241,05287314,4,0,1,175,D,50,D,,A,,A,,A,,A,,A,,A,,A,,A,,A,,A
20241,05289024,5,0,1,200,D,30,D,,A,,A,,A,,A,,A,,A,,A,,A,,A,,A
20241,05290244,5,0,1,,A,,A,450,D,,A,,A,,A,,A,,A,,A,,A,,A,,A
20241,05290824,5,0,1,,A,,A,300,D,,A,,A,,A,,A,,A,,A,,A,,A,,A
20241,05290914,7,0,1,200,D,25,D,,A,,A,,A,,A,,A,,A,,A,,A,,A,,A
20241,05291774,4,0,1,300,D,40,D,,A,,A,,A,,A,,A,,A,,A,,A,,A,,A
20241,05292544,12,0,1,130,D,31,D,,A,,A,,A,,A,,A,,A,,A,,A,,A,,A
20241,05293574,3,0,1,,A,,A,300,D,,A,,A,,A,,A,,A,,A,,A,,A,,A
20241,05294254,9,0,1,,A,,A,50,D,,A,,A,,A,,A,,A,,A,,A,,A,,A
20241,05295214,5,0,1,200,D,89,D,,A,,A,,A,,A,,A,,A,,A,,A,,A,,A
20241,05295624,3,0,1,235,D,2400,D,,A,,A,,A,,A,,A,,A,,A,,A,,A,,A
20241,05295834,7,0,1,140,D,150,D,,A,,A,,A,,A,,A,,A,,A,,A,,A,,A
20241,05297594,4,0,1,,A,,A,35,D,,A,,A,,A,,A,,A,,A,,A,,A,,A
20241,05347464,6,0,1,300,D,700,D,,A,,A,,A,,A,,A,,A,,A,,A,,A,,A
20241,05347664,6,0,1,300,D,120,D,,A,,A,,A,,A,,A,,A,,A,,A,,A,,A
20241,05348184,4,0,1,175,D,60,D,,A,,A,,A,,A,,A,,A,,A,,A,,A,,A
20241,05352174,6,0,1,300,D,195,D,95,D,,A,,A,,A,,A,,A,,A,,A,,A,,A
20241,05352284,8,0,1,,A,,A,5,D,,A,,A,,A,,A,,A,,A,,A,,A,,A
20241,05353894,4,0,1,175,D,16250,T,,A,,A,,A,,A,,A,,A,,A,,A,,A,,A
20241,05355024,3,0,1,130,D,1100,D,,A,,A,,A,,A,,A,,A,,A,,A,,A,,A
20241,05357234,6,0,1,175,D,32,D,,A,,A,,A,,A,,A,,A,,A,,A,,A,,A
20241,05361434,8,0,1,175,D,100,D,,A,,A,,A,,A,,A,,A,,A,,A,,A,,A
20241,05362944,4,0,1,,A,,A,200,D,,A,,A,,A,,A,,A,,A,,A,,A,,A
20241,05364354,7,0,1,,A,,A,20,D,,A,,A,,A,,A,,A,,A,,A,,A,,A
20241,05365074,5,0,1,190,D,15,D,,A,,A,,A,,A,,A,,A,,A,,A,,A,,A
20241,05365404,6,0,1,200,D,4619,D,,A,,A,,A,,A,,A,,A,,A,,A,,A,,A
20241,05366744,4,0,1,140,D,29,D,,A,,A,,A,,A,,A,,A,,A,,A,,A,,A
20241,05412043,5,0,1,280,D,300,D,,A,,A,,A,,A,,A,,A,,A,,A,,A,,A
20241,05414693,9,0,1,,A,,A,135,D,,A,,A,,A,,A,,A,,A,,A,,A,,A
20241,05417353,2,0,1,160,D,7000,D,,A,,A,,A,,A,,A,,A,,A,,A,,A,,A
20241,05417603,5,0,1,300,D,100,D,,A,,A,,A,,A,,A,,A,,A,,A,,A,,A
20241,05417733,11,0,1,,A,,A,300,D,,A,,A,,A,,A,,A,,A,,A,,A,,A
20241,05417773,6,0,1,,A,,A,250,D,,A,,A,,A,,A,,A,,A,,A,,A,,A
20241,05421103,7,0,1,300,D,120,D,,A,,A,,A,,A,,A,,A,,A,,A,,A,,A
20241,05421183,3,0,1,,A,,A,200,D,,A,,A,,A,,A,,A,,A,,A,,A,,A
20241,05422543,5,0,1,300,D,500,D,,A,,A,,A,,A,,A,,A,,A,,A,,A,,A
20241,05423553,5,0,1,300,D,18,D,,A,,A,,A,,A,,A,,A,,A,,A,,A,,A
20241,05424323,12,0,1,,A,,A,1432,D,,A,,A,,A,,A,,A,,A,,A,,A,,A
20241,05426323,6,0,1,300,D,300,D,,A,,A,,A,,A,,A,,A,,A,,A,,A,,A
20241,05426393,3,0,1,300,D,500,D,,A,,A,,A,,A,,A,,A,,A,,A,,A,,A
20241,05426973,2,0,1,175,D,55,D,,A,,A,,A,,A,,A,,A,,A,,A,,A,,A
20241,05427113,6,0,1,280,D,30,D,,A,,A,,A,,A,,A,,A,,A,,A,,A,,A
20241,05429673,5,0,1,300,D,100,D,,A,,A,,A,,A,,A,,A,,A,,A,,A,,A
20241,05430043,4,0,1,,A,,A,100,D,,A,,A,,A,,A,,A,,A,,A,,A,,A
20241,05430123,3,0,1,300,D,457,D,,A,,A,,A,,A,,A,,A,,A,,A,,A,,A
20241,05431643,6,0,1,175,D,18,D,,A,,A,,A,,A,,A,,A,,A,,A,,A,,A
20241,05432383,4,0,1,175,D,57,D,,A,,A,,A,,A,,A,,A,,A,,A,,A,,A
20241,05432723,2,0,1,235,D,600,D,,A,,A,,A,,A,,A,,A,,A,,A,,A,,A
20241,05432763,11,0,1,210,D,25,D,,A,,A,,A,,A,,A,,A,,A,,A,,A,,A
20241,05432793,5,0,1,300,D,100,D,,A,,A,,A,,A,,A,,A,,A,,A,,A,,A
20241,05433723,11,0,1,,A,,A,10,D,,A,,A,,A,,A,,A,,A,,A,,A,,A
20241,05434173,7,0,1,140,D,868,D,,A,,A,,A,,A,,A,,A,,A,,A,,A,,A
20241,05434443,10,0,1,,A,,A,30,D,,A,,A,,A,,A,,A,,A,,A,,A,,A
20241,05440303,4,0,1,,A,,A,100,D,,A,,A,,A,,A,,A,,A,,A,,A,,A
20241,05441743,10,0,1,110,D,600,D,,A,,A,,A,,A,,A,,A,,A,,A,,A,,A
20241,05441993,9,0,1,175,D,36,D,,A,,A,,A,,A,,A,,A,,A,,A,,A,,A
20241,05442293,6,0,1,,A,,A,2,D,,A,,A,,A,,A,,A,,A,,A,,A,,A
20241,05443793,7,0,1,300,D,200,D,,A,,A,,A,,A,,A,,A,,A,,A,,A,,A
20241,05444763,9,0,1,,A,,A,40,D,,A,,A,,A,,A,,A,,A,,A,,A,,A
20241,05538942,6,0,1,300,D,8,D,25,D,,A,,A,,A,,A,,A,,A,,A,,A,,A
20241,05539452,3,0,1,300,D,3000,D,,A,,A,,A,,A,,A,,A,,A,,A,,A,,A
20241,05539642,6,0,1,,A,,A,7,D,,A,,A,,A,,A,,A,,A,,A,,A,,A
20241,05539862,6,0,1,130,D,1500,D,,A,,A,,A,,A,,A,,A,,A,,A,,A,,A
20241,05540242,8,0,1,300,D,444,D,,A,,A,,A,,A,,A,,A,,A,,A,,A,,A
20241,05541443,6,0,1,210,D,125,D,,A,,A,,A,,A,,A,,A,,A,,A,,A,,A
20241,05541742,4,0,1,,A,,A,30,D,,A,,A,,A,,A,,A,,A,,A,,A,,A
20241,05542622,3,0,1,130,D,700,D,,A,,A,,A,,A,,A,,A,,A,,A,,A,,A
20241,05544262,6,0,1,,A,,A,50,D,,A,,A,,A,,A,,A,,A,,A,,A,,A
20241,05544462,3,0,1,,A,,A,80,D,,A,,A,,A,,A,,A,,A,,A,,A,,A
20241,05544492,6,0,1,210,D,500,D,70,D,,A,,A,,A,,A,,A,,A,,A,,A,,A
20241,05544572,11,0,1,,A,,A,500,D,,A,,A,,A,,A,,A,,A,,A,,A,,A
20241,05545542,15,0,1,300,D,100,D,,A,,A,,A,,A,,A,,A,,A,,A,,A,,A
20241,05546782,4,0,1,,A,,A,10,D,,A,,A,,A,,A,,A,,A,,A,,A,,A
20241,05547142,5,0,1,,A,,A,700,D,,A,,A,,A,,A,,A,,A,,A,,A,,A
20241,05548842,2,0,1,120,D,1500,D,,A,,A,,A,,A,,A,,A,,A,,A,,A,,A
20241,05548902,13,0,1,300,D,500,D,,A,,A,,A,,A,,A,,A,,A,,A,,A,,A
20241,05548982,19,0,1,300,D,200,D,,A,,A,,A,,A,,A,,A,,A,,A,,A,,A
20241,05549362,7,0,1,175,D,50,D,,A,,A,,A,,A,,A,,A,,A,,A,,A,,A
20241,05549822,9,0,1,210,D,2000,D,,A,,A,,A,,A,,A,,A,,A,,A,,A,,A
20241,05549892,5,0,1,,A,,A,50,D,,A,,A,,A,,A,,A,,A,,A,,A,,A
20241,05550402,8,0,1,220,D,177,D,29,D,,A,,A,,A,,A,,A,,A,,A,,A,,A
20241,05553442,3,0,1,175,D,100,D,,A,,A,,A,,A,,A,,A,,A,,A,,A,,A
20241,05553762,11,0,1,130,D,175,D,,A,,A,,A,,A,,A,,A,,A,,A,,A,,A
20241,05554342,3,0,1,200,D,100,D,,A,,A,,A,,A,,A,,A,,A,,A,,A,,A
20241,05554732,7,0,1,175,D,100,D,190,D,,A,,A,,A,,A,,A,,A,,A,,A,,A
20241,05554982,2,0,1,220,D,850,D,,A,,A,,A,,A,,A,,A,,A,,A,,A,,A
20241,05555242,3,0,1,,A,,A,100,D,,A,,A,,A,,A,,A,,A,,A,,A,,A
20241,05555962,4,0,1,130,D,300,D,,A,,A,,A,,A,,A,,A,,A,,A,,A,,A
20241,05556082,14,0,1,,A,,A,45,D,,A,,A,,A,,A,,A,,A,,A,,A,,A
20241,05556924,9,0,1,190,D,50,D,,A,,A,,A,,A,,A,,A,,A,,A,,A,,A
20241,05557542,8,0,1,210,D,40,D,,A,,A,,A,,A,,A,,A,,A,,A,,A,,A
20241,05557552,6,0,1,,A,,A,7,D,,A,,A,,A,,A,,A,,A,,A,,A,,A
20241,05558502,6,0,1,130,D,435,D,,A,,A,,A,,A,,A,,A,,A,,A,,A,,A
20241,05558822,4,0,1,,A,,A,40,D,,A,,A,,A,,A,,A,,A,,A,,A,,A
20241,05559582,5,0,1,300,D,275,D,,A,,A,,A,,A,,A,,A,,A,,A,,A,,A
20241,05560892,5,0,1,300,D,130,D,,A,,A,,A,,A,,A,,A,,A,,A,,A,,A
20241,05560952,10,0,1,175,D,100,D,,A,,A,,A,,A,,A,,A,,A,,A,,A,,A
20241,05561272,8,0,1,,A,,A,150,D,,A,,A,,A,,A,,A,,A,,A,,A,,A
20241,05561662,4,0,1,175,D,2500,D,,A,,A,,A,,A,,A,,A,,A,,A,,A,,A
20241,05562432,10,0,1,175,D,57,D,,A,,A,,A,,A,,A,,A,,A,,A,,A,,A
20241,05563752,4,0,1,110,D,16250,T,,A,,A,,A,,A,,A,,A,,A,,A,,A,,A
20241,05566722,3,0,1,175,D,40,D,,A,,A,,A,,A,,A,,A,,A,,A,,A,,A
20241,05569542,7,0,1,110,D,1100,D,600,D,,A,,A,,A,,A,,A,,A,,A,,A,,A
20241,05569924,3,0,1,,A,,A,150,D,,A,,A,,A,,A,,A,,A,,A,,A,,A
20241,05570132,11,0,1,,A,,A,300,D,,A,,A,,A,,A,,A,,A,,A,,A,,A
20241,05570142,5,0,1,,A,,A,975,D,,A,,A,,A,,A,,A,,A,,A,,A,,A
20241,05570282,2,0,1,,A,,A,10,D,,A,,A,,A,,A,,A,,A,,A,,A,,A
20241,05572722,8,0,1,130,D,250,D,,A,,A,,A,,A,,A,,A,,A,,A,,A,,A
20241,05573012,21,0,1,260,D,300,D,,A,,A,,A,,A,,A,,A,,A,,A,,A,,A
20241,05573244,9,0,1,140,D,700,D,600,D,,A,,A,,A,,A,,A,,A,,A,,A,,A
20241,05574401,4,0,1,130,D,1400,D,,A,,A,,A,,A,,A,,A,,A,,A,,A,,A
20241,05574541,7,0,1,140,D,300,D,100,D,,A,,A,,A,,A,,A,,A,,A,,A,,A
20241,05576341,18,0,1,,A,,A,500,D,,A,,A,,A,,A,,A,,A,,A,,A,,A
20241,05578041,3,0,1,,A,,A,504,F,,A,,A,,A,,A,,A,,A,,A,,A,,A
20241,05578061,7,0,1,,A,,A,80,D,,A,,A,,A,,A,,A,,A,,A,,A,,A
20241,05579091,4,0,1,175,D,20,D,,A,,A,,A,,A,,A,,A,,A,,A,,A,,A
20241,05579901,2,0,1,,A,,A,10,D,,A,,A,,A,,A,,A,,A,,A,,A,,A
20241,05582921,5,0,1,200,D,150,D,,A,,A,,A,,A,,A,,A,,A,,A,,A,,A
20241,05583181,6,0,1,130,D,240,D,,A,,A,,A,,A,,A,,A,,A,,A,,A,,A
20241,05583421,2,0,1,300,D,2500,D,,A,,A,,A,,A,,A,,A,,A,,A,,A,,A
20241,05584372,4,0,1,,A,,A,200,D,,A,,A,,A,,A,,A,,A,,A,,A,,A
20241,05586001,6,0,1,,A,,A,416,D,,A,,A,,A,,A,,A,,A,,A,,A,,A
20241,05586411,9,0,1,130,D,250,D,,A,,A,,A,,A,,A,,A,,A,,A,,A,,A
20241,05586861,4,0,1,175,D,100,F,,A,,A,,A,,A,,A,,A,,A,,A,,A,,A
20241,05588311,8,0,1,,A,,A,108,D,,A,,A,,A,,A,,A,,A,,A,,A,,A
20241,05588571,3,0,1,300,D,600,D,,A,,A,,A,,A,,A,,A,,A,,A,,A,,A
20241,05591171,3,0,1,,A,,A,25,D,,A,,A,,A,,A,,A,,A,,A,,A,,A
20241,05591421,2,0,1,130,D,1600,D,,A,,A,,A,,A,,A,,A,,A,,A,,A,,A
20241,05592071,8,0,1,300,D,50,D,,A,,A,,A,,A,,A,,A,,A,,A,,A,,A
20241,05593301,9,0,1,,A,,A,150,D,,A,,A,,A,,A,,A,,A,,A,,A,,A
20241,05593451,7,0,1,120,D,75,D,,A,,A,,A,,A,,A,,A,,A,,A,,A,,A
20241,05594221,3,0,1,175,D,100,D,,A,,A,,A,,A,,A,,A,,A,,A,,A,,A
20241,05596181,6,0,1,210,D,400,D,,A,,A,,A,,A,,A,,A,,A,,A,,A,,A
20241,05597511,7,0,1,235,D,700,D,,A,,A,,A,,A,,A,,A,,A,,A,,A,,A
20241,05597771,10,0,1,,A,,A,40,D,,A,,A,,A,,A,,A,,A,,A,,A,,A
20241,05598641,10,0,1,,A,,A,150,D,,A,,A,,A,,A,,A,,A,,A,,A,,A
20241,05598681,3,0,1,160,D,240,D,,A,,A,,A,,A,,A,,A,,A,,A,,A,,A
20241,05600451,7,0,1,200,D,250,D,,A,,A,,A,,A,,A,,A,,A,,A,,A,,A
20241,05600561,5,0,1,110,D,16250,T,,A,,A,,A,,A,,A,,A,,A,,A,,A,,A
20241,05601881,7,0,1,130,D,250,D,103,D,,A,,A,,A,,A,,A,,A,,A,,A,,A
20241,05602141,12,0,1,175,D,395,D,,A,,A,,A,,A,,A,,A,,A,,A,,A,,A
20241,05602901,4,0,1,235,D,800,D,1800,D,,A,,A,,A,,A,,A,,A,,A,,A,,A
20241,05603041,24,0,1,,A,,A,500,D,,A,,A,,A,,A,,A,,A,,A,,A,,A
20241,05605691,5,0,1,175,D,100,D,,A,,A,,A,,A,,A,,A,,A,,A,,A,,A
20241,05606401,8,0,1,190,D,190,D,,A,,A,,A,,A,,A,,A,,A,,A,,A,,A
20241,05606591,3,0,1,,A,,A,250,D,,A,,A,,A,,A,,A,,A,,A,,A,,A
