QYEAR,NEWID,SEQNO,ALCNO,REC_ORIG,PROP_NOG,PROP0NOG,OWNYG,OWNYG_,NEWMRTG,NEWMRTG_,ORGMRTG,ORGMRTG_,QMRTTRMG,QMRT_RMG,MRTPMTG,MRTPMTG_,PAYPRTXG,PAYP_TXG,PAYPRING,PAYP_ING,PAYMRING,PAYM_ING,PAYOTHRG,PAYO_HRG,QESCROWG,QESC_OWG,QPRINM1G,QPRI_M1G,QPRINM2G,QPRI_M2G,QPRINM3G,QPRI_M3G,QADINT1G,QADI_T1G,QADINT2G,QADI_T2G,QADINT3G,QADI_T3G,QRFINDTG,QRFI_DTG,FRSTPYMG,FRST_YMG,FRSTPYRG,FRST_YRG,FIXDRTEG,FIXD_TEG,QNEWDATG,QNEW_ATG,QBLNCM1G,QBLN_M1G,QBLNCM2G,QBLN_M2G,QBLNCM3G,QBLN_M3G,LOAN_NOG,LOAN0NOG,VARRTEG,VARRTEG_,INTONLYG,INTO_LYG,OTHRTEG,OTHRTEG_,PAYMT1G,PAYMT1G_,PAYMT2G,PAYMT2G_,PAYMT3G,PAYMT3G_,PAYPRNPG,PAYP_NPG,PAYINTG,PAYINTG_
20232,05091174,22,0,5,01,D,100,D,.0609,D,23565,D,15,D,200,D,,A,,A,,A,,A,0,D,82,D,82,D,83,D,118,D,118,D,117,D,,A,09,D,2022,D,1,D,,A,23241,D,23159,D,23076,D,01,D,,A,,A,,A,,A,,A,,A,1,D,2,D
20232,05092144,23,0,5,01,D,100,D,.0600,D,97500,D,15,D,823,D,,A,,A,,A,,A,0,D,0,D,0,D,0,D,,A,,A,,A,,A,02,D,2023,D,2,D,022023,D,97500,D,97500,D,97500,D,01,D,,A,2,D,,A,591,D,2038,T,591,D,,A,2,D
20232,05092144,45,0,5,01,D,100,D,.0600,D,193000,D,10,D,2156,T,,B,,B,,B,,B,57,D,0,D,0,D,0,D,,A,,A,,A,022023,D,11,D,2022,D,2,D,,A,208744,T,207935,T,207123,T,01,D,,A,2,D,,A,500,D,500,D,500,D,,A,2,D
20232,05094734,22,0,5,01,D,100,D,.0609,D,118000,D,5,D,2156,T,,A,,A,,A,,A,0,D,0,D,0,D,0,D,0,D,0,D,0,D,,A,03,D,2022,D,2,D,,A,100736,D,98961,D,97177,D,01,D,1,D,,A,,A,0,D,0,D,0,D,1,D,2,D
20232,05095294,29,0,5,01,D,100,D,.0529,D,145000,D,10,D,1559,D,,C,,C,,C,,C,0,D,1187,D,1192,D,1198,D,372,D,367,D,361,D,,A,03,D,2018,D,1,D,,A,84363,D,83176,D,81984,D,01,D,,A,,A,,A,,A,,A,,A,,C,,A
20232,05097554,22,0,5,01,D,100,D,.0700,D,37207,D,10,D,432,D,,A,,A,,A,,A,0,D,394,D,396,D,398,D,38,D,36,D,34,D,,A,05,D,2014,D,1,D,,A,6582,D,6188,D,5792,D,01,D,,A,,A,,A,,A,,A,,A,1,D,2,D
20232,05104354,16,0,5,01,D,100,D,.0400,F,30000,F,15,F,250,F,,B,,B,,B,,B,28,D,124,F,124,F,125,F,98,F,98,F,97,F,,A,10,F,2022,F,1,F,,A,29386,F,29262,F,29137,F,01,D,,A,,A,,A,,A,,A,,A,1,D,2,D
20232,05109064,54,0,5,01,D,100,D,.0900,D,147890,D,15,D,1500,D,,A,,A,,A,,A,0,D,397,D,400,D,403,D,1103,D,1100,D,1097,D,,A,01,D,2023,D,1,D,,A,147105,D,146709,D,146309,D,01,D,,A,,A,,A,,A,,A,,A,1,D,2,D
20232,05110594,19,0,5,01,D,100,D,.0500,D,29506,D,17,D,215,D,,A,,A,,A,,A,0,D,116,D,116,D,117,D,99,D,99,D,98,D,,A,08,D,2018,D,1,D,,A,23829,D,23713,D,23597,D,01,D,,A,,A,,A,,A,,A,,A,1,D,2,D
20232,05114654,26,0,5,01,D,100,D,.0550,D,31412,D,5,D,600,D,,A,,A,,A,,A,0,D,480,D,482,D,484,D,120,D,118,D,116,D,,A,03,D,2022,D,1,D,,A,26279,D,25800,D,25318,D,01,D,,A,,A,,A,,A,,A,,A,1,D,2,D
20232,05115854,21,0,5,01,D,100,D,.0529,F,75000,F,10,F,806,F,,A,,A,,A,,A,0,D,605,F,608,F,611,F,201,F,198,F,195,F,,A,07,F,2018,F,1,F,,A,45485,F,44880,F,44272,F,01,D,,A,,A,,A,,A,,A,,A,1,D,2,D
20232,05117084,16,0,5,01,D,100,D,.0475,D,60000,D,10,D,650,D,,B,,B,,B,,B,21,D,487,D,488,D,490,D,142,D,141,D,139,D,,A,07,D,2018,D,1,D,,A,35997,D,35510,D,35022,D,01,D,,A,,A,,A,,A,,A,,A,1,D,2,D
20232,05117294,19,0,5,01,D,100,D,.0371,D,60000,D,5,D,1097,D,,C,,C,,C,,C,0,D,958,D,961,D,964,D,139,D,136,D,133,D,,A,10,D,2021,D,1,D,,A,45073,D,44115,D,43155,D,01,D,,A,,A,,A,,A,,A,,A,,C,,A
20232,05118164,33,0,5,01,D,100,D,.0620,D,25000,D,10,D,280,D,,A,,A,,A,,A,0,D,228,D,229,D,230,D,52,D,51,D,50,D,,A,06,D,2016,D,1,D,,A,10104,D,9876,D,9647,D,01,D,,A,,A,,A,,A,,A,,A,1,D,2,D
20232,05118804,18,0,5,01,D,100,D,.0400,D,28390,D,15,D,210,D,,A,,A,,A,,A,0,D,122,D,122,D,123,D,88,D,88,D,87,D,,A,09,D,2021,D,1,D,,A,26376,D,26254,D,26131,D,01,D,,A,,A,,A,,A,,A,,A,1,D,2,D
20232,05120074,46,0,5,01,D,100,D,.0625,D,14551,D,5,D,283,D,,A,,A,,A,,A,0,D,266,D,267,D,269,D,17,D,16,D,14,D,,A,02,D,2019,D,1,D,,A,3284,D,3018,D,2751,D,01,D,,A,,A,,A,,A,,A,,A,1,D,2,D
20232,05123164,31,0,5,01,D,100,D,.0473,D,30000,D,15,D,302,D,,B,,B,,B,,B,69,D,184,D,185,D,185,D,49,D,48,D,48,D,,A,02,D,2013,D,1,D,,A,12436,D,12252,D,12068,D,01,D,,A,,A,,A,,A,,A,,A,1,D,2,D
20232,05201373,14,0,5,01,D,100,D,.0529,F,75000,F,10,F,806,F,,A,,A,,A,,A,0,D,603,F,605,F,608,F,203,F,201,F,198,F,,A,07,F,2018,F,1,F,,A,46088,F,45485,F,44880,F,01,D,,A,,A,,A,,A,,A,,A,1,D,2,D
20232,05204293,31,0,5,01,D,100,D,.0609,D,172000,D,15,D,1460,D,,A,,A,,A,,A,0,D,1282,D,1288,D,1295,D,1718,D,1712,D,1705,D,,A,01,D,2022,D,2,D,,A,164757,D,164133,D,163507,D,01,D,1,D,,A,,A,1920,T,2038,T,1920,T,1,D,2,D
20232,05205953,27,0,5,01,D,100,D,.0400,D,212362,T,10,D,2156,T,,C,,C,,C,,C,0,D,1409,D,1414,D,1418,D,616,D,611,D,607,D,,A,02,D,2022,D,2,D,,A,208744,T,207935,T,207123,T,01,D,1,D,,A,,A,1920,T,2038,T,1920,T,,C,,A
20232,05212453,40,0,5,01,D,100,D,.0450,D,13072,D,15,D,100,D,,A,,A,,A,,A,0,D,60,D,60,D,60,D,40,D,40,D,40,D,,A,06,D,2019,D,1,D,,A,10698,D,10638,D,10578,D,01,D,,A,,A,,A,,A,,A,,A,1,D,2,D
20232,05213603,28,0,5,01,D,100,D,.0609,D,50000,D,10,D,1000,D,,B,,B,,B,,B,443,D,321,D,322,D,324,D,236,D,235,D,233,D,,A,03,D,2022,D,1,D,,A,46578,D,46258,D,45935,D,01,D,,A,,A,,A,,A,,A,,A,1,D,2,D
20232,05216993,24,0,5,01,D,100,D,.0725,D,19853,D,16,D,175,D,,A,,A,,A,,A,0,D,75,D,76,D,76,D,100,D,99,D,99,D,,A,10,D,2018,D,1,D,,A,16501,D,16426,D,16350,D,01,D,,A,,A,,A,,A,,A,,A,1,D,2,D
20232,05217293,33,0,5,01,D,100,D,.0472,D,100000,D,15,D,920,D,,B,,B,,B,,B,144,D,448,D,449,D,451,D,328,D,327,D,325,D,,A,10,D,2019,D,1,D,,A,83459,D,83011,D,82561,D,01,D,,A,,A,,A,,A,,A,,A,1,D,2,D
20232,05217293,34,0,5,02,D,200,D,.0386,D,175000,D,15,D,2000,D,3,D,,A,,A,,A,718,D,782,D,784,D,787,D,500,D,498,D,495,D,,A,12,D,2020,D,1,D,,A,155532,D,154751,D,153966,D,01,D,,A,,A,,A,,A,,A,,A,1,D,2,D
20232,05220553,28,0,5,01,D,100,D,.0440,F,40000,F,15,F,1000,F,3,F,4,F,5,F,,A,696,D,207,F,208,F,209,F,97,F,96,F,95,F,,A,11,F,2016,F,1,F,,A,26446,F,26239,F,26032,F,01,D,,A,,A,,A,,A,,A,,A,1,D,2,D
20232,05220913,20,0,1,01,D,100,D,.0600,D,198162,D,10,D,2156,T,,A,,A,,A,,A,0,D,1284,D,1290,D,1297,D,916,D,910,D,903,D,,A,02,D,2022,D,1,D,,A,183246,D,181962,D,180672,D,01,D,,A,,A,,A,,A,,A,,A,1,D,2,D
20232,05226053,25,0,5,01,D,100,D,.0670,D,22000,D,10,D,252,D,,A,,A,,A,,A,0,D,90,D,91,D,91,D,70,D,69,D,69,D,,A,10,D,2021,D,2,D,,A,19702,D,19560,D,19418,D,01,D,1,D,,A,,A,150,D,150,D,160,D,1,D,2,D
20232,05234563,26,0,5,01,D,100,D,.0440,D,40000,D,15,D,1000,D,3,D,4,D,5,D,,A,696,D,208,D,209,D,209,D,96,D,95,D,95,D,,A,11,D,2016,D,1,D,,A,26239,D,26032,D,25823,D,01,D,,A,,A,,A,,A,,A,,A,1,D,2,D
20232,05254112,20,0,5,01,D,100,D,.0386,D,10000,F,5,F,184,F,,A,,A,,A,,A,0,D,168,F,168,F,169,F,16,F,16,F,15,F,,A,06,F,2020,F,1,F,,A,5059,F,4891,F,4723,F,01,D,,A,,A,,A,,A,,A,,A,1,D,2,D
20232,05255562,27,0,5,01,D,100,D,.0400,D,30000,D,15,D,250,D,,B,,B,,B,,B,28,D,123,D,124,D,124,D,99,D,98,D,98,D,,A,10,D,2022,D,1,D,,A,29633,D,29510,D,29386,D,01,D,,A,,A,,A,,A,,A,,A,1,D,2,D
20232,05256102,15,0,5,01,D,100,D,.0609,D,62795,D,10,D,700,D,,A,,A,,A,,A,0,D,383,D,385,D,387,D,317,D,315,D,313,D,,A,12,D,2022,D,1,D,,A,62414,D,62030,D,61645,D,01,D,,A,,A,,A,,A,,A,,A,1,D,2,D
20232,05256142,43,0,5,01,D,100,D,.0700,D,120000,D,20,D,930,D,,A,,A,,A,,A,0,D,960,D,966,D,971,D,40,D,34,D,29,D,,A,08,D,2003,D,2,D,,A,6363,D,5470,D,4571,D,01,D,1,D,,A,,A,1920,T,900,D,1920,T,1,D,2,D
20232,05259192,32,0,5,01,D,100,D,.0400,D,98300,D,15,D,885,D,,B,,B,,B,,B,158,D,402,D,403,D,405,D,325,D,324,D,322,D,,A,11,D,2022,D,1,D,,A,97500,D,97098,D,96695,D,01,D,,A,,A,,A,,A,,A,,A,1,D,2,D
20232,05266352,26,0,5,01,D,100,D,.0529,D,130000,D,15,D,1157,D,,B,,B,,B,,B,109,D,616,D,618,D,621,D,432,D,430,D,427,D,,A,03,D,2018,D,1,D,,A,98078,D,97463,D,96844,D,01,D,,A,,A,,A,,A,,A,,A,1,D,2,D
20232,05269692,23,0,5,01,D,100,D,.0371,D,60000,F,5,F,1097,F,,C,,C,,C,,C,0,D,958,F,961,F,964,F,139,F,136,F,133,F,,A,10,F,2021,F,1,F,,A,45073,F,44115,F,43155,F,01,D,,C,,C,,C,,A,,A,,A,,C,,A
20232,05271852,25,0,5,01,D,100,D,.0450,D,20000,D,1,D,2000,D,,B,,B,,B,,B,292,D,1563,T,,A,,A,6,D,,A,,A,,A,03,D,2022,D,1,D,,A,1696,D,,A,,A,01,D,,A,,A,,A,,A,,A,,A,1,D,2,D
20232,05274002,12,0,1,01,D,100,D,.0440,D,25000,D,7,D,350,D,,B,,B,,B,,B,4,D,343,D,345,D,,A,3,D,1,D,,A,,A,04,D,2016,D,1,D,,A,722,D,378,D,,A,01,D,,A,,A,,A,,A,,A,,A,1,D,2,D
20232,05276962,26,0,5,01,D,100,D,.0620,F,25000,F,10,F,280,F,,A,,A,,A,,A,0,D,229,F,230,F,231,F,51,F,50,F,49,F,,A,06,F,2016,F,1,F,,A,9876,F,9647,F,9417,F,01,D,,A,,A,,A,,A,,A,,A,1,D,2,D
20232,05276972,27,0,5,01,D,100,D,.0386,D,212362,T,10,D,2000,D,,A,,A,,A,,A,0,D,1563,T,1507,T,1512,T,488,D,483,D,478,D,,A,06,D,2020,D,1,D,,A,151562,D,150050,D,148532,D,01,D,,A,,A,,A,,A,,A,,A,1,D,2,D
20232,05277222,28,0,5,01,D,100,D,.0609,F,50000,F,10,F,1000,F,,B,,B,,B,,B,443,D,322,F,324,F,326,F,235,F,233,F,231,F,,A,03,F,2022,F,1,F,,A,46258,F,45935,F,45612,F,01,D,,A,,A,,A,,A,,A,,A,1,D,2,D
20232,05277232,31,0,5,01,D,100,D,.0800,F,50000,F,15,F,478,F,,A,,A,,A,,A,0,D,0,F,0,F,0,F,,A,,A,,A,,A,01,F,2015,F,2,F,,A,50000,F,50000,F,50000,F,01,D,1,D,,A,,A,295,F,326,F,327,F,,A,2,D
20232,05278312,14,0,5,01,D,100,D,.0386,D,212362,V,10,F,2000,F,,A,,A,,A,,A,0,D,1563,V,1507,V,1512,V,488,F,483,F,478,F,,A,06,F,2020,F,1,F,,A,151562,F,150050,F,148532,F,01,D,,A,,A,,A,,A,,A,,A,1,D,2,D
20232,05279602,17,0,1,01,D,100,D,.0860,D,137274,D,20,D,1200,D,3,D,,A,,A,,A,0,D,816,D,822,D,828,D,384,D,378,D,372,D,,A,09,D,2007,D,1,D,,A,53576,D,52760,D,51938,D,01,D,,A,,A,,A,,A,,A,,A,1,D,2,D
20232,05280662,36,0,5,01,D,100,D,.0386,D,10000,D,5,D,184,D,,A,,A,,A,,A,0,D,169,D,169,D,170,D,15,D,15,D,14,D,,A,06,D,2020,D,1,D,,A,4723,D,4554,D,4385,D,01,D,,A,,A,,A,,A,,A,,A,1,D,2,D
20232,05287231,11,0,1,01,D,100,D,.0529,F,75000,F,10,F,806,F,,A,,A,,A,,A,0,D,603,F,605,F,608,F,203,F,201,F,198,F,,A,07,F,2018,F,1,F,,A,46088,F,45485,F,44880,F,01,D,,A,,A,,A,,A,,A,,A,1,D,2,D
20232,05287631,14,0,1,01,D,100,D,.0440,D,100000,D,15,D,760,D,,A,,A,,A,,A,0,D,525,D,527,D,529,D,235,D,233,D,231,D,,A,06,D,2016,D,1,D,,A,64034,D,63509,D,62982,D,01,D,,A,,A,,A,,A,,A,,A,1,D,2,D
20232,05289441,15,0,1,01,D,100,D,.0700,D,80000,D,20,D,677,D,,B,,B,,B,,B,57,D,508,D,511,D,514,D,112,D,109,D,106,D,,A,11,D,2005,D,1,D,,A,19173,D,18665,D,18154,D,01,D,,A,,A,,A,,A,,A,,A,1,D,2,D
20232,05290231,27,0,1,01,D,100,D,.0371,D,40000,D,20,D,451,D,3,D,4,D,,A,,A,215,D,117,D,118,D,118,D,119,D,118,D,118,D,,A,11,D,2021,D,1,D,,A,38395,D,38278,D,38160,D,01,D,,A,,A,,A,,A,,A,,A,1,D,2,D
20232,05291541,23,0,1,01,D,100,D,.0609,D,40000,D,19,D,300,D,,B,,B,,B,,B,4,D,94,D,95,D,95,D,152,D,151,D,151,D,,A,10,D,2022,D,1,D,,A,39720,D,39625,D,39530,D,01,D,,A,,A,,A,,A,,A,,A,1,D,2,D
20232,05294371,26,0,1,01,D,100,D,.0550,D,91222,D,10,D,990,D,,A,,A,,A,,A,0,D,585,D,588,D,591,D,405,D,402,D,399,D,,A,08,D,2022,D,1,D,,A,88336,D,87751,D,87163,D,01,D,,A,,A,,A,,A,,A,,A,1,D,2,D
20232,05295571,11,0,1,01,D,100,D,.0472,F,100000,F,15,F,920,F,,B,,B,,B,,B,144,D,446,F,448,F,449,F,330,F,328,F,327,F,,A,10,F,2019,F,1,F,,A,83905,F,83459,F,83011,F,01,D,,A,,A,,A,,A,,A,,A,1,D,2,D
20232,05345331,10,0,1,01,D,100,D,.0800,D,50000,D,15,D,478,D,,A,,A,,A,,A,0,D,0,D,0,D,0,D,,A,,A,,A,,A,01,D,2015,D,2,D,,A,50000,D,50000,D,50000,D,01,D,,A,2,D,,A,295,D,326,D,327,D,,A,2,D
20232,05347921,23,0,1,01,D,100,D,.0450,D,85000,D,15,D,700,D,,B,,B,,B,,B,50,D,430,D,432,D,434,D,165,D,164,D,162,D,,A,04,D,2017,D,1,D,,A,58541,D,58110,D,57678,D,01,D,,A,,A,,A,,A,,A,,A,1,D,2,D
20232,05348721,21,0,1,01,D,100,D,.0529,D,75000,D,10,D,806,D,,A,,A,,A,,A,0,D,605,D,608,D,611,D,201,D,198,D,195,D,,A,07,D,2018,D,1,D,,A,45485,D,44880,D,44272,D,01,D,,A,,A,,A,,A,,A,,A,1,D,2,D
20232,05349781,21,0,1,01,D,100,D,.0420,D,52000,D,15,D,390,D,,A,,A,,A,,A,0,D,233,D,233,D,234,D,157,D,157,D,156,D,,A,06,D,2020,D,1,D,,A,44970,D,44737,D,44504,D,01,D,,A,,A,,A,,A,,A,,A,1,D,2,D
20232,05353461,17,0,1,01,D,100,D,.0750,D,25000,D,20,D,201,D,,A,,A,,A,,A,0,D,,A,,A,,A,,A,,A,,A,,A,11,D,2018,D,2,D,,A,22298,D,22236,D,22174,D,01,D,1,D,,A,,A,165,D,165,D,165,D,1,D,2,D
20232,05354271,27,0,1,01,D,100,D,.0579,D,192180,D,15,D,1600,D,,A,,A,,A,,A,0,D,1453,D,1507,T,1512,T,147,D,140,D,133,D,,A,10,D,2009,D,1,D,,A,30435,D,28982,D,27522,D,01,D,,A,,A,,A,,A,,A,,A,1,D,2,D
20232,05356251,15,0,1,01,D,100,D,.0400,F,212362,V,10,F,2156,V,,C,,C,,C,,C,0,D,1418,F,1423,F,1428,F,607,F,602,F,597,F,,A,02,F,2022,F,2,F,,A,181984,F,180566,F,179143,F,01,D,,C,,C,,C,1920,V,2038,V,1920,V,,C,,A
20232,05357101,16,0,1,01,D,100,D,.0386,D,145000,D,15,D,1542,D,3,D,4,D,,A,,A,480,D,650,D,652,D,654,D,379,D,377,D,375,D,,A,12,D,2020,D,1,D,,A,128228,D,127579,D,126927,D,01,D,,A,,A,,A,,A,,A,,A,1,D,2,D
20232,05357191,11,0,1,01,D,100,D,.0725,F,19853,F,16,F,175,F,,A,,A,,A,,A,0,D,76,F,76,F,77,F,99,F,99,F,98,F,,A,10,F,2018,F,1,F,,A,16426,F,16350,F,16274,F,01,D,,A,,A,,A,,A,,A,,A,1,D,2,D
20232,05359031,15,0,1,01,D,100,D,.0550,D,52000,D,15,D,450,D,,B,,B,,B,,B,25,D,218,D,219,D,220,D,207,D,206,D,205,D,,A,05,D,2020,D,1,D,,A,45149,D,44931,D,44712,D,01,D,,A,,A,,A,,A,,A,,A,1,D,2,D
20232,05359601,21,0,1,01,D,100,D,.0500,D,112000,D,15,D,1000,D,,B,,B,,B,,B,114,D,714,D,717,D,720,D,172,D,169,D,166,D,,A,07,D,2012,D,1,D,,A,41279,D,40565,D,39848,D,01,D,,A,,A,,A,,A,,A,,A,1,D,2,D
20232,05363741,19,0,1,01,D,100,D,.0500,D,5000,D,5,D,180,D,,B,,B,,B,,B,86,D,93,D,93,D,94,D,1,D,1,D,0,D,,A,06,D,2018,D,1,D,,A,304,D,211,D,118,D,01,D,,A,,A,,A,,A,,A,,A,1,D,2,D
20232,05366781,12,0,1,01,D,100,D,.0900,F,147890,F,15,F,1500,F,,A,,A,,A,,A,0,D,397,F,400,F,403,F,1103,F,1100,F,1097,F,,A,01,F,2023,F,1,F,,A,147105,F,146709,F,146309,F,01,D,,A,,A,,A,,A,,A,,A,1,D,2,D
20233,05201374,13,0,5,01,D,100,D,.0615,F,73358,F,15,F,625,F,,A,,A,,A,,A,0,D,250,F,252,F,253,F,375,F,373,F,372,F,,A,03,F,2023,F,1,F,,A,73109,F,72859,F,72607,F,01,D,,A,,A,,A,,A,,A,,A,1,D,2,D
20233,05204294,27,0,5,01,D,100,D,.0609,D,172000,D,15,D,1460,D,,A,,A,,A,,A,0,D,1301,D,1308,D,1315,D,1699,D,1692,D,1685,D,,A,01,D,2022,D,2,D,,A,162877,D,162243,D,161607,D,01,D,1,D,,A,,A,1920,T,2038,T,1920,T,1,D,2,D
20233,05205724,15,0,1,01,D,100,D,.0371,D,212362,V,17,F,1628,F,,B,,B,,B,,B,7,D,913,F,916,F,919,F,708,F,705,F,702,F,,A,10,F,2021,F,1,F,,A,208744,V,207935,V,207123,V,01,D,,A,,A,,A,,A,,A,,A,1,D,2,D
20233,05208174,48,0,5,01,D,100,D,.0874,D,35000,D,3,D,1109,D,,A,,A,,A,,A,0,D,,A,854,D,860,D,,A,255,D,249,D,,A,05,D,2023,D,1,D,,A,,A,35000,D,34146,D,01,D,,A,,A,,A,,A,,A,,A,1,D,2,D
20233,05212074,8,0,1,01,D,100,D,.1000,D,25000,D,10,D,330,D,,C,,C,,C,,C,0,D,141,D,142,D,144,D,189,D,188,D,186,D,,A,10,D,2021,D,2,D,,A,22648,D,22506,D,22364,D,01,D,1,D,,A,,A,260,D,260,D,260,D,,C,,A
20233,05212454,54,0,5,01,D,100,D,.0450,D,13072,D,15,D,100,D,,A,,A,,A,,A,0,D,62,D,62,D,62,D,38,D,38,D,38,D,,A,01,D,2019,D,1,D,,A,10213,D,10151,D,10089,D,01,D,,A,,A,,A,,A,,A,,A,1,D,2,D
20233,05213094,11,0,1,01,D,100,D,.0500,D,11878,D,16,D,90,D,,A,,A,,A,,A,0,D,49,D,50,D,50,D,41,D,40,D,40,D,,A,04,D,2019,D,1,D,,A,9730,D,9681,D,9631,D,01,D,,A,,A,,A,,A,,A,,A,1,D,2,D
20233,05213604,29,0,5,01,D,100,D,.0609,D,50000,D,10,D,1000,D,,B,,B,,B,,B,443,D,326,D,327,D,329,D,231,D,230,D,228,D,,A,03,D,2022,D,1,D,,A,45612,D,45286,D,44959,D,01,D,,A,,A,,A,,A,,A,,A,1,D,2,D
20233,05215484,33,0,5,01,D,100,D,.0690,D,76907,D,10,D,889,D,,A,,A,,A,,A,0,D,525,D,528,D,531,D,364,D,361,D,358,D,,A,01,D,2021,D,1,D,,A,63376,D,62851,D,62324,D,01,D,,A,,A,,A,,A,,A,,A,1,D,2,D
20233,05216994,29,0,5,01,D,100,D,.0725,D,19853,D,16,D,175,D,,A,,A,,A,,A,0,D,77,D,77,D,78,D,98,D,98,D,97,D,,A,10,D,2018,D,1,D,,A,16274,D,16197,D,16120,D,01,D,,A,,A,,A,,A,,A,,A,1,D,2,D
20233,05220554,33,0,5,01,D,100,D,.0609,F,40000,F,19,F,300,F,,B,,B,,B,,B,4,D,96,F,97,F,97,F,200,F,199,F,199,F,,A,10,F,2022,F,1,F,,A,39339,F,39243,F,39146,F,01,D,,A,,A,,A,,A,,A,,A,1,D,2,D
20233,05220914,19,0,5,01,D,100,D,.0600,D,198162,D,10,D,2156,T,,A,,A,,A,,A,0,D,1284,D,1290,D,1297,D,916,D,910,D,903,D,,A,05,D,2022,D,1,D,,A,183246,D,181962,D,180672,D,01,D,,A,,A,,A,,A,,A,,A,1,D,2,D
20233,05226054,21,0,5,01,D,100,D,.0670,D,22000,D,10,D,252,D,,A,,A,,A,,A,0,D,97,D,98,D,99,D,73,D,72,D,71,D,,A,10,D,2021,D,2,D,,A,19274,D,19129,D,18984,D,01,D,1,D,,A,,A,160,D,160,D,170,D,1,D,2,D
20233,05233484,27,0,5,01,D,100,D,.0600,D,60000,D,10,D,666,D,,A,,A,,A,,A,0,D,0,D,0,D,0,D,65,D,65,D,65,D,,A,08,D,2022,D,2,D,,A,60000,D,60000,D,60000,D,01,D,1,D,,A,,A,65,D,65,D,65,D,,A,2,D
20233,05234564,24,0,5,01,D,100,D,.0440,D,40000,D,15,D,1000,D,3,D,4,D,5,D,,A,696,D,210,D,211,D,212,D,94,D,93,D,92,D,,A,11,D,2016,D,1,D,,A,25614,D,25404,D,25193,D,01,D,,A,,A,,A,,A,,A,,A,1,D,2,D
20233,05254113,24,0,5,01,D,100,D,.0386,D,10000,F,5,F,184,F,,A,,A,,A,,A,0,D,169,F,170,F,170,F,15,F,14,F,14,F,,A,06,F,2020,F,1,F,,A,4554,F,4385,F,4215,F,01,D,,A,,A,,A,,A,,A,,A,1,D,2,D
20233,05255563,27,0,5,01,D,100,D,.0400,D,30000,D,15,D,250,D,,B,,B,,B,,B,28,D,124,D,125,D,125,D,88,D,87,D,87,D,,A,10,D,2022,D,1,D,,A,29262,D,29137,D,29013,D,01,D,,A,,A,,A,,A,,A,,A,1,D,2,D
20233,05259193,41,0,5,01,D,100,D,.0400,D,98300,D,15,D,885,D,,B,,B,,B,,B,158,D,406,D,407,D,409,D,321,D,320,D,318,D,,A,11,D,2022,D,1,D,,A,96290,D,95884,D,95477,D,01,D,,A,,A,,A,,A,,A,,A,1,D,2,D
20233,05264653,16,0,1,01,D,100,D,.0900,D,50000,D,15,D,507,D,,A,,A,5,D,,A,0,D,,A,,A,,A,,A,,A,,A,,A,03,D,2023,D,2,D,,A,49735,D,49601,D,49465,D,01,D,1,D,,A,,A,360,D,441,D,493,D,1,D,2,D
20233,05266353,37,0,5,01,D,100,D,.0529,D,130000,D,15,D,1157,D,,B,,B,,B,,B,109,D,624,D,627,D,629,D,212,D,211,D,210,D,,A,03,D,2018,D,1,D,,A,96223,D,95599,D,94973,D,01,D,,A,,A,,A,,A,,A,,A,1,D,2,D
20233,05269693,23,0,5,01,D,100,D,.1000,F,25000,F,10,F,330,F,,C,,C,,C,,C,0,D,142,F,144,F,145,F,188,F,186,F,185,F,,A,10,F,2021,F,2,F,,A,22506,F,22364,F,22220,F,01,D,,C,,C,,C,260,F,260,F,260,F,,C,,A
20233,05276963,35,0,5,01,D,100,D,.0750,F,25000,F,20,F,201,F,,A,,A,,A,,A,0,D,51,F,51,F,52,F,111,F,111,F,110,F,,A,11,F,2018,F,2,F,,A,22048,F,21984,F,21920,F,01,D,,A,,A,,A,165,F,164,F,162,F,1,D,2,D
20233,05276973,25,0,5,01,D,100,D,.0386,D,212362,T,10,D,2000,D,,A,,A,,A,,A,0,D,1563,T,1507,T,1512,T,473,D,468,D,463,D,,A,06,D,2020,D,1,D,,A,147010,D,145483,D,143951,D,01,D,,A,,A,,A,,A,,A,,A,1,D,2,D
20233,05277223,28,0,5,01,D,100,D,.0609,F,50000,F,10,F,1000,F,,B,,B,,B,,B,443,D,327,F,329,F,331,F,230,F,228,F,226,F,,A,03,F,2022,F,1,F,,A,45286,F,44959,F,44630,F,01,D,,A,,A,,A,,A,,A,,A,1,D,2,D
20233,05277233,37,0,5,01,D,100,D,.0975,F,47198,F,15,F,500,F,,A,,A,,A,,A,0,D,0,F,0,F,0,F,500,F,500,F,500,F,,A,06,F,2023,F,1,F,,A,47198,F,47198,F,47198,F,01,D,1,D,,A,,A,,A,,A,,A,,A,2,D
20233,05278753,14,0,5,01,D,100,D,.0900,D,55572,D,20,D,500,D,,A,,A,,A,,A,0,D,379,D,382,D,385,D,121,D,118,D,115,D,,A,07,D,2006,D,1,D,,A,16100,D,15721,D,15339,D,01,D,,A,,A,,A,,A,,A,,A,1,D,2,D
20233,05280663,34,0,5,01,D,100,D,.0386,D,10000,D,5,D,184,D,,A,,A,,A,,A,0,D,170,D,171,D,172,D,14,D,13,D,12,D,,A,06,D,2020,D,1,D,,A,4215,D,4044,D,3873,D,01,D,,A,,A,,A,,A,,A,,A,1,D,2,D
20233,05281843,12,0,1,01,D,100,D,.0450,D,68000,D,13,D,577,D,,A,,A,,A,,A,0,D,347,D,348,D,350,D,230,D,229,D,227,D,,A,10,D,2021,D,1,D,,A,61325,D,60978,D,60630,D,01,D,,A,,A,,A,,A,,A,,A,1,D,2,D
20233,05283973,22,0,5,01,D,100,D,.0800,D,114000,D,29,D,844,D,,A,,A,,A,,A,,B,,A,,A,,A,,A,,A,,A,,A,09,F,2023,D,1,D,,A,,A,,A,,A,01,D,,A,,A,,A,,A,,A,,A,1,D,2,D
20233,05289442,22,0,5,01,D,100,D,.0662,D,80000,D,20,D,677,D,,B,,B,,B,,B,75,D,507,D,510,D,513,D,95,D,92,D,89,D,,A,11,D,2005,D,1,D,,A,17162,D,16655,D,16145,D,01,D,,A,,A,,A,,A,,A,,A,1,D,2,D
20233,05290232,32,0,5,01,D,100,D,.0371,D,40000,D,20,D,451,D,3,D,4,D,,A,,A,215,D,118,D,119,D,119,D,118,D,117,D,117,D,,A,11,D,2021,D,1,D,,A,38042,D,37924,D,37805,D,01,D,,A,,A,,A,,A,,A,,A,1,D,2,D
20233,05291542,24,0,5,01,D,100,D,.0609,D,40000,D,19,D,300,D,,B,,B,,B,,B,4,D,96,D,96,D,97,D,150,D,150,D,149,D,,A,10,D,2022,D,1,D,,A,39435,D,39339,D,39243,D,01,D,,A,,A,,A,,A,,A,,A,1,D,2,D
20233,05293522,14,0,1,01,D,100,D,.0475,D,99881,D,7,D,1400,D,,A,,A,,A,,A,0,D,1346,D,1351,D,1356,D,54,D,49,D,44,D,,A,02,D,2017,D,1,D,,A,13701,D,12355,D,11004,D,01,D,,A,,A,,A,,A,,A,,A,1,D,2,D
20233,05294372,40,0,5,01,D,100,D,.0550,D,91222,D,10,D,990,D,,A,,A,,A,,A,0,D,593,D,596,D,599,D,318,D,315,D,313,D,,A,08,D,2022,D,1,D,,A,86573,D,85980,D,85384,D,01,D,,A,,A,,A,,A,,A,,A,1,D,2,D
20233,05345332,15,0,5,01,D,100,D,.0800,D,50000,D,15,D,478,D,,A,,A,,A,,A,0,D,0,D,0,D,0,D,336,D,336,D,336,D,,A,01,D,2015,D,2,D,,A,50000,D,50000,D,50000,D,01,D,,A,2,D,,A,326,D,347,D,336,D,,A,2,D
20233,05347922,32,0,5,01,D,100,D,.0450,D,85000,D,15,D,700,D,,B,,B,,B,,B,50,D,435,D,437,D,439,D,161,D,160,D,158,D,,A,04,D,2017,D,1,D,,A,57245,D,56809,D,56372,D,01,D,,A,,A,,A,,A,,A,,A,1,D,2,D
20233,05348722,20,0,5,01,D,100,D,.0529,D,75000,D,10,D,806,D,,A,,A,,A,,A,0,D,614,D,616,D,619,D,192,D,190,D,187,D,,A,07,D,2018,D,1,D,,A,43661,D,43047,D,42431,D,01,D,,A,,A,,A,,A,,A,,A,1,D,2,D
20233,05349782,31,0,5,01,D,100,D,.0420,D,36412,D,15,D,273,D,,A,,A,,A,,A,0,D,164,D,165,D,166,D,109,D,108,D,107,D,,A,06,D,2020,D,1,D,,A,31002,D,30838,D,30673,D,01,D,,A,,A,,A,,A,,A,,A,1,D,2,D
20233,05353462,27,0,5,01,D,100,D,.0750,D,25000,D,20,D,201,D,,A,,A,,A,,A,0,D,51,D,51,D,51,D,111,D,111,D,111,D,,A,11,D,2018,D,2,D,,A,22111,D,22048,D,21984,D,01,D,1,D,,A,,A,165,D,164,D,162,D,1,D,2,D
20233,05356252,17,0,5,01,D,100,D,.1000,F,25000,F,10,F,330,F,,C,,C,,C,,C,0,D,144,F,145,F,146,F,186,F,185,F,184,F,,A,10,F,2021,F,2,F,,A,22364,F,22220,F,22076,F,01,D,,C,,C,,C,260,F,260,F,260,F,,C,,A
20233,05357102,22,0,5,01,D,100,D,.0386,D,145000,D,15,D,1542,D,3,D,4,D,,A,,A,480,D,656,D,658,D,660,D,406,D,404,D,402,D,,A,12,D,2020,D,1,D,,A,126274,D,125618,D,124960,D,01,D,,A,,A,,A,,A,,A,,A,1,D,2,D
20233,05359032,16,0,5,01,D,100,D,.0550,D,52000,D,15,D,450,D,,B,,B,,B,,B,25,D,221,D,,A,,A,204,D,,A,,A,072023,D,05,D,2020,D,1,D,,A,44492,D,,A,,A,01,D,,A,,A,,A,,A,,A,,A,1,D,2,D
20233,05361992,9,0,1,01,D,100,D,.0400,D,34000,D,14,D,530,D,3,D,4,D,,A,,A,265,D,172,D,173,D,173,D,93,D,92,D,92,D,,A,04,D,2020,D,1,D,,A,27867,D,27695,D,27522,D,01,D,,A,,A,,A,,A,,A,,A,1,D,2,D
20233,05363742,25,0,5,01,D,100,D,.0500,D,5000,D,5,D,180,D,,B,,B,,B,,B,86,D,92,D,92,D,92,D,2,D,2,D,2,D,,A,12,D,2018,D,1,D,,A,579,D,488,D,396,D,01,D,,A,,A,,A,,A,,A,,A,1,D,2,D
20233,05366782,17,0,5,01,D,100,D,.0386,D,145000,F,15,F,1542,F,3,F,4,F,,A,,A,480,D,656,F,658,F,660,F,406,F,404,F,402,F,,A,12,F,2020,F,1,F,,A,126274,F,125618,F,124960,F,01,D,,A,,A,,A,,A,,A,,A,1,D,2,D
20233,05413451,33,0,1,01,D,100,D,.0500,D,50000,D,10,D,530,D,,A,,A,,A,,A,0,D,,A,,A,,A,,A,,A,,A,,A,04,D,2023,D,2,D,,A,50000,D,49678,D,49355,D,01,D,1,D,,A,,A,200,D,200,D,200,D,1,D,2,D
20233,05417621,27,0,1,01,D,100,D,.0615,D,73358,D,15,D,625,D,,A,,A,,A,,A,0,D,250,D,252,D,253,D,375,D,373,D,372,D,,A,03,D,2023,D,1,D,,A,73109,D,72859,D,72607,D,01,D,,A,,A,,A,,A,,A,,A,1,D,2,D
20233,05419871,20,0,1,01,D,100,D,.0386,D,19879,D,20,D,119,D,,A,,A,,A,,A,0,D,60,D,61,D,61,D,59,D,58,D,58,D,,A,11,D,2020,D,1,D,,A,18208,D,18148,D,18087,D,01,D,,A,,A,,A,,A,,A,,A,1,D,2,D
20233,05420151,19,0,1,01,D,100,D,.1000,F,25000,F,10,F,330,F,,C,,C,,C,,C,0,D,141,F,142,F,144,F,189,F,188,F,186,F,,A,10,F,2021,F,2,F,,A,22648,F,22506,F,22364,F,01,D,,A,,A,3,D,260,F,260,F,260,F,,C,,A
20233,05425811,16,0,1,01,D,100,D,.0750,F,25000,F,20,F,201,F,,A,,A,,A,,A,0,D,51,F,51,F,51,F,111,F,111,F,111,F,,A,11,F,2018,F,2,F,,A,22111,F,22048,F,21984,F,01,D,,A,,A,,A,165,F,164,F,162,F,1,D,2,D
20233,05427801,28,0,1,01,D,100,D,.0500,F,11878,F,16,F,90,F,,A,,A,,A,,A,0,D,50,F,50,F,50,F,34,F,34,F,34,F,,A,04,F,2019,F,1,F,,A,9681,F,9631,F,9581,F,01,D,1,D,,A,,A,,A,,A,,A,1,D,2,D
20233,05428651,18,0,1,01,D,100,D,.0371,D,212362,T,17,D,1628,D,,B,,B,,B,,B,7,D,916,D,919,D,921,D,705,D,702,D,700,D,,A,10,D,2021,D,1,D,,A,208744,T,207935,T,207123,T,01,D,,A,,A,,A,,A,,A,,A,1,D,2,D
20233,05428851,29,0,1,01,D,100,D,.0750,D,45000,D,5,D,902,D,,A,,A,,A,,A,0,D,,A,,A,,A,,A,,A,,A,,A,04,D,2020,D,2,D,,A,19262,D,18480,D,17694,D,01,D,1,D,,A,,A,,C,,C,,C,1,D,2,D
20233,05430121,28,0,1,01,D,100,D,.0975,D,47198,D,15,D,500,D,,A,,A,,A,,A,0,D,0,D,0,D,0,D,500,D,500,D,500,D,,A,06,D,2023,D,1,D,,A,47198,D,47198,D,47198,D,01,D,,A,,A,,A,,A,,A,,A,,A,2,D
20233,05436901,31,0,1,01,D,100,D,.0386,D,150000,D,10,D,1509,D,,A,,A,,A,,A,0,D,,A,,A,,A,,A,,A,,A,,A,12,D,2020,D,2,D,,A,117734,D,116603,D,115470,D,01,D,1,D,,A,,A,0,D,0,D,0,D,1,D,2,D
20233,05437261,18,0,1,01,D,100,D,.0799,D,99902,D,20,D,835,D,,A,,A,,A,,A,0,D,173,D,174,D,176,D,662,D,661,D,659,D,,A,03,D,2023,D,1,D,,A,99389,D,99216,D,99042,D,01,D,,A,,A,,A,,A,,A,,A,1,D,2,D
20233,05442651,19,0,1,01,D,100,D,.0472,D,90817,D,15,D,705,D,,A,,A,,A,,A,0,D,418,D,420,D,422,D,287,D,285,D,283,D,,A,07,D,2019,D,1,D,,A,72901,D,72483,D,72063,D,01,D,,A,,A,,A,,A,,A,,A,1,D,2,D
20233,05442981,23,0,1,01,D,100,D,.0440,F,40000,F,15,F,1000,F,3,F,4,F,5,F,,A,696,D,210,F,211,F,212,F,94,F,93,F,92,F,,A,11,F,2016,F,1,F,,A,25614,F,25404,F,25193,F,01,D,,A,,A,,A,,A,,A,,A,1,D,2,D
20233,05444951,27,0,1,01,D,100,D,.0400,D,60000,D,15,D,450,D,,B,,B,,B,,B,6,D,255,D,256,D,256,D,189,D,188,D,188,D,,A,05,D,2022,D,1,D,,A,56764,D,56509,D,56253,D,01,D,,A,,A,,A,,A,,A,,A,1,D,2,D
20233,05445981,20,0,1,01,D,100,D,.0475,D,14000,D,15,D,158,D,,B,,B,,B,,B,49,D,72,D,72,D,72,D,37,D,37,D,37,D,,A,04,D,2017,D,1,D,,A,9403,D,9332,D,9260,D,01,D,,A,,A,,A,,A,,A,,A,1,D,2,D
20233,05446011,15,0,1,01,D,100,D,.0662,F,80000,F,20,F,677,F,,B,,B,,B,,B,75,D,513,F,516,F,519,F,89,F,86,F,83,F,,A,11,F,2005,F,1,F,,A,16145,F,15632,F,15116,F,01,D,,A,,A,,A,,A,,A,,A,1,D,2,D
20234,05254114,23,0,5,01,D,100,D,.0440,F,7000,F,15,F,200,F,,B,,B,,B,,B,147,F,38,F,38,F,38,F,15,F,15,F,15,F,,A,04,F,2016,F,1,F,,A,4205,F,4167,F,4130,F,01,D,,A,,A,,A,,A,,A,,A,1,D,2,D
20234,05255564,27,0,5,01,D,100,D,.0400,D,30000,D,15,D,250,D,,B,,B,,B,,B,28,D,126,D,126,D,127,D,96,D,96,D,95,D,,A,10,D,2022,D,1,D,,A,28887,D,28762,D,28635,D,01,D,,A,,A,,A,,A,,A,,A,1,D,2,D
20234,05259194,31,0,5,01,D,100,D,.0400,D,98300,D,15,D,885,D,,B,,B,,B,,B,158,D,410,D,411,D,413,D,317,D,316,D,314,D,,A,11,D,2022,D,1,D,,A,95068,D,94658,D,94246,D,01,D,,A,,A,,A,,A,,A,,A,1,D,2,D
20234,05264654,21,0,5,01,D,100,D,.0900,D,50000,D,15,D,507,D,,A,,A,5,D,,A,0,D,133,D,134,D,135,D,359,D,356,D,355,D,,A,03,D,2023,D,2,D,,A,49329,D,49192,D,49054,D,01,D,1,D,,A,,A,494,D,491,D,490,D,1,D,2,D
20234,05265324,22,0,5,01,D,100,D,.0450,D,80000,D,16,D,590,D,,B,,B,,B,,B,5,D,399,D,401,D,402,D,186,D,184,D,183,D,,A,02,D,2016,D,1,D,,A,49558,D,49159,D,48758,D,01,D,,A,,A,,A,,A,,A,,A,1,D,2,D
20234,05266354,35,0,5,01,D,100,D,.0529,D,130000,D,15,D,1157,D,,B,,B,,B,,B,109,D,632,D,635,D,638,D,208,D,207,D,205,D,,A,03,D,2018,D,1,D,,A,94344,D,93711,D,93077,D,01,D,,A,,A,,A,,A,,A,,A,1,D,2,D
20234,05276964,28,0,5,01,D,100,D,.0750,F,25000,F,20,F,201,F,,A,,A,,A,,A,0,F,51,F,51,F,52,F,109,F,109,F,108,F,,A,11,F,2018,F,2,F,,A,21920,F,21856,F,21791,F,01,D,,A,,A,,A,160,F,160,F,160,F,1,D,2,D
20234,05277234,37,0,5,01,D,100,D,.0800,F,50000,F,15,F,478,F,,A,,A,,A,,A,0,F,0,F,0,F,0,F,368,F,368,F,368,F,,A,01,F,2015,F,2,F,,A,50000,F,50000,F,50000,F,01,D,1,D,,A,,A,358,F,356,F,368,F,,A,2,D
20234,05278314,15,0,5,01,D,100,D,.0662,F,248595,V,20,F,1600,F,,A,,A,,A,,A,0,F,1387,F,1394,F,1402,F,213,F,206,F,198,F,,A,10,F,2005,F,1,F,,A,38656,F,37269,F,35874,F,01,D,,A,,A,,A,,A,,A,,A,1,D,2,D
20234,05280664,43,0,5,01,D,100,D,.0386,D,10000,D,5,D,184,D,,A,4,D,,A,,A,0,D,172,D,173,D,173,D,12,D,11,D,11,D,,A,06,D,2020,D,1,D,,A,3702,D,3530,D,3357,D,01,D,,A,,A,,A,,A,,A,,A,,A,,A
20234,05289443,21,0,5,01,D,100,D,.0662,D,80000,D,20,D,677,D,,B,,B,,B,,B,75,D,516,D,519,D,521,D,86,D,83,D,81,D,,A,11,D,2005,D,1,D,,A,15632,D,15116,D,14597,D,01,D,,A,,A,,A,,A,,A,,A,1,D,2,D
20234,05290233,25,0,5,01,D,100,D,.0371,D,40000,D,20,D,451,D,3,D,4,D,,A,,A,215,D,119,D,120,D,120,D,117,D,116,D,116,D,,A,11,D,2021,D,1,D,,A,37686,D,37567,D,37447,D,01,D,,A,,A,,A,,A,,A,,A,1,D,2,D
20234,05293523,16,0,5,01,D,100,D,.0475,D,99881,D,7,D,1400,D,,A,,A,,A,,A,0,D,1362,D,1367,D,1373,D,38,D,33,D,27,D,,A,02,D,2017,D,1,D,,A,9647,D,8285,D,6918,D,01,D,,A,,A,,A,,A,,A,,A,1,D,2,D
20234,05345333,13,0,5,01,D,100,D,.0800,D,50000,D,15,D,478,D,,A,,A,,A,,A,0,D,0,D,0,D,0,D,368,D,368,D,368,D,,A,01,D,2015,D,2,D,,A,50000,D,50000,D,50000,D,01,D,,A,2,D,,A,358,D,356,D,368,D,,A,2,D
20234,05347923,26,0,5,01,D,100,D,.0450,D,85000,D,15,D,700,D,,B,,B,,B,,B,50,D,440,D,442,D,444,D,158,D,156,D,155,D,,A,04,D,2017,D,1,D,,A,55934,D,55493,D,55051,D,01,D,,A,,A,,A,,A,,A,,A,1,D,2,D
20234,05348723,26,0,5,01,D,100,D,.0529,D,75000,D,10,D,806,D,,A,,A,,A,,A,0,D,622,D,624,D,627,D,184,D,182,D,179,D,,A,07,D,2018,D,1,D,,A,41812,D,41191,D,40566,D,01,D,,A,,A,,A,,A,,A,,A,1,D,2,D
20234,05349783,20,0,5,01,D,100,D,.0420,D,52000,D,15,D,390,D,,A,,A,,A,,A,0,D,238,D,238,D,239,D,152,D,152,D,151,D,,A,06,D,2020,D,1,D,,A,43562,D,43325,D,43086,D,01,D,,A,,A,,A,,A,,A,,A,1,D,2,D
20234,05353463,23,0,5,01,D,100,D,.0750,D,25000,D,20,D,201,D,,A,,A,,A,,A,0,D,51,D,51,D,52,D,109,D,109,D,108,D,,A,11,D,2018,D,2,D,,A,21920,D,21856,D,21791,D,01,D,1,D,,A,,A,160,D,160,D,160,D,1,D,2,D
20234,05354273,48,0,5,01,D,100,D,.0662,D,248595,T,20,D,1600,D,,A,,A,,A,,A,0,D,1387,D,1394,D,1402,D,213,D,206,D,198,D,,A,10,D,2005,D,1,D,,A,38656,D,37269,D,35874,D,01,D,,A,,A,,A,,A,,A,,A,1,D,2,D
20234,05356453,17,0,5,01,D,100,D,.0690,F,50000,F,10,F,593,F,,B,,B,,B,,B,15,F,337,F,339,F,341,F,241,F,239,F,237,F,,A,05,F,2021,F,1,F,,A,41878,F,41541,F,41202,F,01,D,,A,,A,,A,,A,,A,,A,1,D,2,D
20234,05357103,30,0,5,01,D,100,D,.0386,D,145000,D,15,D,1542,D,3,D,4,D,,A,,A,480,D,662,D,664,D,666,D,400,D,398,D,396,D,,A,12,D,2020,D,1,D,,A,124300,D,123638,D,122973,D,01,D,,A,,A,,A,,A,,A,,A,1,D,2,D
20234,05361993,16,0,5,01,D,100,D,.0400,D,34000,D,14,D,530,D,3,D,4,D,,A,,A,265,D,174,D,174,D,175,D,91,D,91,D,90,D,,A,04,D,2020,D,1,D,,A,27349,D,27175,D,27000,D,01,D,,A,,A,,A,,A,,A,,A,1,D,2,D
20234,05366093,27,0,1,01,D,100,D,.0662,F,80000,F,20,F,677,F,,B,,B,,B,,B,75,F,516,F,519,F,521,F,86,F,83,F,81,F,,A,11,F,2005,F,1,F,,A,15632,F,15116,F,14597,F,01,D,,A,,A,,A,,A,,A,,A,1,D,2,D
20234,05366783,17,0,5,01,D,100,D,.0480,D,28547,D,10,D,400,D,3,D,4,D,,A,,A,100,D,194,D,195,D,196,D,106,D,105,D,104,D,,A,10,D,2022,D,1,D,,A,26462,D,26268,D,26073,D,01,D,,A,,A,,A,,A,,A,,A,1,D,2,D
20234,05417622,37,0,5,01,D,100,D,.0615,D,73358,D,15,D,625,D,,A,,A,,A,,A,0,D,254,D,255,D,257,D,371,D,370,D,368,D,,A,03,D,2023,D,1,D,,A,72354,D,72100,D,71844,D,01,D,,A,,A,,A,,A,,A,,A,1,D,2,D
20234,05419872,26,0,5,01,D,100,D,.0386,D,19879,D,20,D,119,D,,A,,A,,A,,A,0,D,61,D,61,D,61,D,58,D,58,D,58,D,,A,11,D,2020,D,1,D,,A,18026,D,17965,D,17904,D,01,D,,A,,A,,A,,A,,A,,A,1,D,2,D
20234,05421772,45,0,1,01,D,100,D,.0500,D,141422,D,10,D,1500,D,,A,,A,,A,,A,0,D,1011,D,1015,D,1019,D,489,D,485,D,481,D,,A,06,D,2021,D,1,D,,A,117478,D,116467,D,115453,D,01,D,,A,,A,,A,,A,,A,,A,1,D,2,D
20234,05427802,40,0,5,01,D,100,D,.0500,F,141422,F,10,F,1500,F,,A,,A,,A,,A,0,F,1011,F,1015,F,1019,F,489,F,485,F,481,F,,A,06,F,2021,F,1,F,,A,117478,F,116467,F,115453,F,01,D,1,D,,A,,A,,A,,A,,A,1,D,2,D
20234,05428852,42,0,5,01,D,100,D,.0609,F,42265,F,20,F,305,F,,A,,A,,A,,A,0,F,95,F,95,F,96,F,210,F,210,F,209,F,,A,12,F,2022,F,1,F,,A,41434,F,41339,F,41244,F,01,D,1,D,,A,,A,,A,,A,,A,1,D,2,D
20234,05430122,47,0,1,01,D,100,D,.0975,D,47198,D,15,D,500,D,3,D,4,D,,A,,A,0,D,0,D,0,D,0,D,500,D,500,D,500,D,112023,D,06,D,2023,D,1,D,,A,47198,D,47198,D,47198,D,01,D,,A,,A,,A,,A,,A,,A,,A,2,D
20234,05435462,11,0,1,01,D,100,D,.0400,F,248595,V,10,F,2897,V,,A,,A,,A,,A,0,F,1386,F,1390,F,1395,F,639,F,635,F,630,F,,A,03,F,2023,F,1,F,,A,182789,V,263113,V,261556,V,01,D,,A,,A,,A,,A,,A,,A,1,D,2,D
20234,05436902,30,0,5,01,D,100,D,.0386,D,150000,D,10,D,1509,D,,A,,A,,A,,A,0,D,756,D,759,D,761,D,244,D,241,D,239,D,,A,12,D,2020,D,2,D,,A,114333,D,113192,D,112047,D,01,D,1,D,,A,,A,1163,T,1267,T,1300,T,1,D,2,D
20234,05441742,35,0,1,02,D,200,D,.0625,D,56911,D,10,D,639,D,,A,,A,,A,,A,0,D,417,D,420,D,422,D,222,D,219,D,217,D,,A,07,D,2020,D,1,D,,A,42556,D,42139,D,41719,D,01,D,,A,,A,,A,,A,,A,,A,1,D,2,D
20234,05442982,28,0,5,01,D,100,D,.0609,F,42265,F,20,F,305,F,,A,,A,,A,,A,0,F,95,F,95,F,96,F,210,F,210,F,209,F,,A,12,F,2022,F,1,F,,A,41434,F,41339,F,41244,F,01,D,,A,,A,,A,,A,,A,,A,1,D,2,D
20234,05444952,23,0,5,01,D,100,D,.0400,D,60000,D,15,D,450,D,,B,,B,,B,,B,6,D,257,D,258,D,259,D,187,D,186,D,185,D,,A,05,D,2022,D,1,D,,A,55997,D,55740,D,55481,D,01,D,,A,,A,,A,,A,,A,,A,1,D,2,D
20234,05445982,24,0,5,01,D,100,D,.0475,D,14000,D,15,D,158,D,,B,,B,,B,,B,49,D,73,D,73,D,73,D,36,D,36,D,36,D,,A,04,D,2017,D,1,D,,A,9187,D,9115,D,9042,D,01,D,,A,,A,,A,,A,,A,,A,1,D,2,D
20234,05446012,19,0,5,01,D,100,D,.0662,F,80000,F,20,F,677,F,,B,,B,,B,,B,75,F,516,F,519,F,521,F,86,F,83,F,81,F,,A,11,F,2005,F,1,F,,A,15632,F,15116,F,14597,F,01,D,,A,,A,,A,,A,,A,,A,1,D,2,D
20234,05540131,27,0,1,01,D,100,D,.0875,D,14608,D,15,D,146,D,,A,,A,,A,,A,0,D,42,D,42,D,42,D,104,D,104,D,104,D,,A,11,D,2022,D,1,D,,A,14284,D,14242,D,14200,D,01,D,,A,,A,,A,,A,,A,,A,1,D,2,D
20234,05541531,19,0,1,01,D,100,D,.0440,D,75500,D,14,D,603,D,,A,,A,,A,,A,0,D,529,D,531,D,533,D,74,D,72,D,70,D,,A,07,D,2012,D,1,D,,A,20249,D,19720,D,19189,D,01,D,,A,,A,,A,,A,,A,,A,1,D,2,D
20234,05542591,15,0,1,01,D,100,D,.0440,D,7000,D,15,D,200,D,,B,,B,,B,,B,147,D,38,D,38,D,38,D,15,D,15,D,15,D,,A,04,D,2016,D,1,D,,A,4205,D,4167,D,4130,D,01,D,,A,,A,,A,,A,,A,,A,1,D,2,D
20234,05545801,34,0,1,01,D,100,D,.0690,D,50000,D,10,D,593,D,,B,,B,,B,,B,15,D,337,D,339,D,341,D,241,D,239,D,237,D,,A,05,D,2021,D,1,D,,A,41878,D,41541,D,41202,D,01,D,,A,,A,,A,,A,,A,,A,1,D,2,D
20234,05547671,15,0,1,01,D,100,D,.0420,F,52000,F,15,F,390,F,,A,,A,,A,,A,0,F,238,F,238,F,239,F,152,F,152,F,151,F,,A,06,F,2020,F,1,F,,A,43562,F,43325,F,43086,F,01,D,,A,,A,,A,,A,,A,,A,1,D,2,D
20234,05548241,29,0,1,01,D,100,D,.0400,D,32000,D,10,D,789,D,3,D,4,D,,A,,A,465,D,260,D,261,D,262,D,64,D,63,D,62,D,,A,01,D,2019,D,1,D,,A,19165,D,18905,D,18644,D,01,D,,A,,A,,A,,A,,A,,A,1,D,2,D
20234,05548451,9,0,1,01,D,100,D,.0472,D,49125,D,16,D,365,D,,A,,A,,A,,A,0,D,212,D,212,D,213,D,153,D,153,D,152,D,,A,02,D,2019,D,1,D,,A,39024,D,38813,D,38601,D,01,D,,A,,A,,A,,A,,A,,A,1,D,2,D
20234,05551101,12,0,1,01,D,100,D,.0756,D,29645,D,15,D,300,D,,B,,B,,B,,B,24,D,,A,,A,89,D,,A,,A,187,D,,A,10,D,2023,D,1,D,,A,,A,,A,29645,D,01,D,,A,,A,,A,,A,,A,,A,1,D,2,D
20234,05554011,17,0,1,01,D,100,D,.0756,F,65000,F,15,F,605,F,,A,,A,,A,,A,0,F,,A,,A,,A,,A,,A,,A,,A,09,F,2023,F,2,F,,A,65000,F,64805,F,64608,F,01,D,,A,,A,,A,350,F,350,F,350,F,1,D,2,D
20234,05558951,19,0,1,01,D,100,D,.0420,D,3080,D,5,D,57,D,,A,,A,,A,,A,0,D,,A,,A,,A,,A,,A,,A,,A,07,D,2018,D,1,D,,A,,A,,A,,A,01,D,,A,,A,,A,,A,,A,,A,1,D,2,D
20234,05566571,23,0,1,01,D,100,D,.0756,D,65000,D,15,D,605,D,,A,,A,,A,,A,0,D,,A,,A,,A,,A,,A,,A,,A,09,D,2023,D,2,D,,A,65000,D,64805,D,64608,D,01,D,,C,,C,,C,350,D,350,D,350,D,1,D,2,D
20234,05566741,20,0,1,01,D,100,D,.0690,F,50000,F,10,F,593,F,,B,,B,,B,,B,15,F,337,F,339,F,341,F,241,F,239,F,237,F,,A,05,F,2021,F,1,F,,A,41878,F,41541,F,41202,F,01,D,,A,,A,,A,,A,,A,,A,1,D,2,D
20234,05568681,19,0,1,01,D,100,D,.0386,D,35000,D,15,D,301,D,,B,,B,,B,,B,45,D,163,D,164,D,164,D,93,D,92,D,92,D,,A,05,D,2020,D,1,D,,A,28888,D,28725,D,28562,D,01,D,,A,,A,,A,,A,,A,,A,1,D,2,D
20234,05569091,25,0,1,01,D,100,D,.0400,D,248595,T,10,D,2897,T,,A,,A,,A,,A,0,D,1386,D,1390,D,1395,D,639,D,635,D,630,D,,A,03,D,2023,D,1,D,,A,182789,T,263113,T,261556,T,01,D,,A,,A,,A,,A,,A,,A,1,D,2,D
20234,05571451,13,0,1,01,D,100,D,.0400,D,52000,D,10,D,539,D,,B,,B,,B,,B,13,D,509,D,510,D,512,D,17,D,16,D,14,D,,A,07,D,2014,D,1,D,,A,5232,D,4724,D,4214,D,01,D,,A,,A,,A,,A,,A,,A,1,D,2,D
20234,05571761,25,0,1,01,D,100,D,.0609,D,42265,D,20,D,305,D,,A,,A,,A,,A,0,D,95,D,95,D,96,D,210,D,210,D,209,D,,A,12,D,2022,D,1,D,,A,41434,D,41339,D,41244,D,01,D,,A,,A,,A,,A,,A,,A,1,D,2,D
20241,05289444,20,0,5,01,D,100,D,.0662,D,80000,D,20,D,677,D,,B,,B,,B,,B,75,D,524,D,527,D,530,D,78,D,75,D,72,D,,A,11,D,2005,D,1,D,,A,14076,D,13552,D,13024,D,01,D,,A,,A,,A,,A,,A,,A,1,D,2,D
20241,05290234,21,0,5,01,D,100,D,.0371,D,40000,D,20,D,451,D,3,D,4,D,,A,,A,215,D,121,D,121,D,121,D,115,D,115,D,115,D,,A,11,D,2021,D,1,D,,A,37327,D,37206,D,37085,D,01,D,,A,,A,,A,,A,,A,,A,1,D,2,D
20241,05291544,23,0,5,01,D,100,D,.0609,D,40000,D,19,D,300,D,,B,,B,,B,,B,4,D,99,D,99,D,100,D,197,D,197,D,196,D,,A,10,D,2022,D,1,D,,A,38852,D,38753,D,38654,D,01,D,,A,,A,,A,,A,,A,,A,1,D,2,D
20241,05293524,16,0,5,01,D,100,D,.0475,D,99881,D,7,D,1400,D,,A,,A,,A,,A,0,D,1378,D,1384,D,1389,D,22,D,16,D,11,D,,A,02,D,2017,D,1,D,,A,5546,D,4168,D,2784,D,01,D,,A,,A,,A,,A,,A,,A,1,D,2,D
20241,05345334,15,0,5,01,D,100,D,.0800,D,50000,D,15,D,478,D,,A,,A,,A,,A,0,D,0,D,0,D,0,D,368,D,368,D,368,D,,A,01,D,2015,D,2,D,,A,50000,D,50000,D,50000,D,01,D,,A,2,D,,A,356,D,418,D,368,D,,A,2,D
20241,05347924,25,0,5,01,D,100,D,.0450,D,85000,D,15,D,700,D,,B,,B,,B,,B,50,D,445,D,447,D,449,D,205,D,203,D,201,D,,A,04,D,2017,D,1,D,,A,54608,D,54163,D,53716,D,01,D,,A,,A,,A,,A,,A,,A,1,D,2,D
20241,05348724,18,0,5,01,D,100,D,.0529,D,75000,D,10,D,806,D,,A,,A,,A,,A,0,D,630,D,633,D,636,D,176,D,173,D,170,D,,A,07,D,2018,D,1,D,,A,39939,D,39309,D,38676,D,01,D,,A,,A,,A,,A,,A,,A,1,D,2,D
20241,05349784,31,0,5,01,D,100,D,.0420,D,52000,D,15,D,390,D,,A,,A,,A,,A,0,D,240,D,241,D,242,D,150,D,149,D,148,D,,A,06,D,2020,D,1,D,,A,42847,D,42607,D,42366,D,01,D,,A,,A,,A,,A,,A,,A,1,D,2,D
20241,05353464,26,0,5,01,D,100,D,.0750,D,25000,D,20,D,201,D,,A,,A,,A,,A,0,D,51,D,51,D,51,D,105,D,105,D,105,D,,A,11,D,2018,D,2,D,,A,21726,D,21660,D,21594,D,01,D,1,D,,A,,A,156,D,156,D,156,D,1,D,2,D
20241,05354274,48,0,5,01,D,100,D,.0440,D,155103,D,10,D,1600,D,,A,,A,,A,,A,0,D,1867,T,1413,D,1418,D,192,D,187,D,182,D,,A,10,D,2016,D,1,D,,A,52465,D,51057,D,49645,D,01,D,,A,,A,,A,,A,,A,,A,1,D,2,D
20241,05356254,23,0,5,01,D,100,D,.0609,F,64803,F,15,F,550,F,,C,,C,,C,,C,0,F,243,F,245,F,246,F,307,F,305,F,304,F,,A,04,F,2022,F,1,F,,A,60404,F,60161,F,59916,F,01,D,,C,,C,,C,,A,,A,,A,,C,,A
20241,05356454,19,0,5,01,D,100,D,.0756,F,50000,F,15,F,700,F,,B,,B,,B,,B,235,F,160,F,161,F,162,F,305,F,304,F,303,F,,A,01,F,2023,F,1,F,,A,48457,F,48297,F,48136,F,01,D,,A,,A,,A,,A,,A,,A,1,D,2,D
20241,05357104,24,0,5,01,D,100,D,.0386,D,145000,D,15,D,1542,D,3,D,4,D,,A,,A,480,D,669,D,671,D,673,D,393,D,391,D,389,D,,A,12,D,2020,D,1,D,,A,122307,D,121638,D,120968,D,01,D,,A,,A,,A,,A,,A,,A,1,D,2,D
20241,05357824,25,0,5,01,D,100,D,.0800,D,16484,D,10,D,200,D,,A,,A,,A,,A,0,D,,A,,A,90,D,,A,,A,110,D,,A,02,D,2024,D,1,D,,A,,A,,A,16484,D,01,D,,A,,A,,A,,A,,A,,A,1,D,2,D
20241,05361994,11,0,5,01,D,100,D,.0400,D,34000,D,14,D,530,D,3,D,4,D,,A,,A,265,D,176,D,176,D,177,D,89,D,89,D,88,D,,A,04,D,2020,D,1,D,,A,26825,D,26650,D,26474,D,01,D,,A,,A,,A,,A,,A,,A,1,D,2,D
20241,05366094,10,0,5,01,D,100,D,.0775,F,29216,F,15,F,275,F,,A,,A,,A,,A,0,F,87,F,87,F,88,F,188,F,188,F,187,F,,A,09,F,2023,F,1,F,,A,29130,F,29043,F,28955,F,01,D,,A,,A,,A,,A,,A,,A,1,D,2,D
20241,05366784,17,0,5,01,D,100,D,.0480,D,150000,D,5,D,2897,T,3,D,4,D,,A,,A,0,D,1867,T,2240,T,2251,T,473,D,463,D,454,D,,A,10,D,2022,D,1,D,,A,118142,D,115798,D,113444,D,01,D,,A,,A,,A,,A,,A,,A,1,D,2,D
20241,05411973,12,0,1,01,D,100,D,.0500,D,37937,D,15,D,300,D,,A,,A,,A,,A,0,D,147,D,147,D,148,D,153,D,153,D,152,D,,A,02,D,2023,D,1,D,,A,36785,D,36638,D,36491,D,01,D,,A,,A,,A,,A,,A,,A,1,D,2,D
20241,05417623,32,0,5,01,D,100,D,.0615,D,73358,D,15,D,625,D,,A,,A,,A,,A,0,D,258,D,259,D,261,D,367,D,366,D,364,D,,A,03,D,2023,D,1,D,,A,71588,D,71330,D,71070,D,01,D,,A,,A,,A,,A,,A,,A,1,D,2,D
20241,05419873,27,0,5,01,D,100,D,.0386,D,19879,D,20,D,119,D,,A,,A,,A,,A,0,D,62,D,62,D,62,D,57,D,57,D,57,D,,A,11,D,2020,D,1,D,,A,17843,D,17781,D,17719,D,01,D,,A,,A,,A,,A,,A,,A,1,D,2,D
20241,05420153,26,0,5,01,D,100,D,.0609,F,64803,F,15,F,550,F,,C,,C,,C,,C,0,F,243,F,245,F,246,F,307,F,305,F,304,F,,A,04,F,2022,F,1,F,,A,60404,F,60161,F,59916,F,01,D,,A,,A,3,D,,A,,A,,A,,C,,A
20241,05421773,28,0,5,01,D,100,D,.0500,D,150000,D,10,D,1591,D,,A,,A,,A,,A,0,D,,A,,A,,A,,A,,A,,A,,A,04,D,2016,D,2,D,,A,44779,D,43375,D,41965,D,01,D,1,D,,A,,A,1163,T,1267,T,1300,T,1,D,2,D
20241,05426393,18,0,1,01,D,100,D,.0400,F,55000,F,10,F,716,F,,B,,B,,B,,B,159,F,446,F,447,F,449,F,111,F,110,F,108,F,,A,07,F,2019,F,1,F,,A,33378,F,32932,F,32485,F,01,D,,A,,A,,A,,A,,A,,A,1,D,2,D
20241,05428653,28,0,5,01,D,100,D,.0371,D,248595,T,17,D,1628,D,,B,,B,,B,,B,7,D,933,D,936,D,939,D,688,D,685,D,682,D,,A,10,D,2021,D,1,D,,A,182789,T,263113,T,261556,T,01,D,,A,,A,,A,,A,,A,,A,1,D,2,D
20241,05428853,42,0,5,01,D,100,D,.0750,D,45000,D,5,D,902,D,,A,,A,,A,,A,0,D,270,D,272,D,273,D,30,D,28,D,27,D,,A,04,D,2020,D,2,D,,A,14500,D,13689,D,12873,D,01,D,1,D,,A,,A,300,D,300,D,300,D,1,D,2,D
20241,05430123,25,0,5,01,D,100,D,.1000,D,125000,D,15,D,1343,D,,A,,A,,A,,A,0,D,0,D,0,D,0,D,1343,D,1343,D,1343,D,,A,11,D,2023,D,1,D,,A,182789,T,125000,D,125000,D,01,D,,A,,A,,A,,A,,A,,A,,A,2,D
20241,05436903,28,0,5,01,D,100,D,.0386,D,150000,D,10,D,1509,D,,A,,A,,A,,A,0,D,0,D,0,D,0,D,0,D,0,D,0,D,,A,12,D,2020,D,2,D,,A,110899,D,109747,D,108591,D,01,D,1,D,,A,,A,0,D,0,D,0,D,1,D,2,D
20241,05437263,17,0,5,01,D,100,D,.0799,D,99902,D,20,D,835,D,,A,,A,,A,,A,0,D,180,D,181,D,183,D,655,D,654,D,652,D,,A,03,D,2023,D,1,D,,A,98332,D,98152,D,97971,D,01,D,,A,,A,,A,,A,,A,,A,1,D,2,D
20241,05441743,42,0,5,02,D,200,D,.0625,D,56911,D,10,D,639,D,,A,,A,,A,,A,0,D,424,D,426,D,428,D,215,D,213,D,211,D,,A,07,D,2020,D,1,D,,A,41298,D,40874,D,40448,D,01,D,,A,,A,,A,,A,,A,,A,1,D,2,D
20241,05444003,19,0,5,01,D,100,D,.0371,D,14834,D,13,D,120,D,3,D,4,D,5,D,,A,0,D,83,D,83,D,83,D,37,D,37,D,37,D,,A,01,D,2021,D,1,D,,A,12098,D,12015,D,11933,D,01,D,,A,,A,,A,,A,,A,,A,1,D,2,D
20241,05445983,24,0,5,01,D,100,D,.0475,D,14000,D,15,D,158,D,,B,,B,,B,,B,49,D,73,D,74,D,74,D,36,D,35,D,35,D,,A,04,D,2017,D,1,D,,A,8969,D,8895,D,8821,D,01,D,,A,,A,,A,,A,,A,,A,1,D,2,D
20241,05446013,24,0,5,01,D,100,D,.0662,F,80000,F,20,F,677,F,,B,,B,,B,,B,75,F,524,F,527,F,530,F,78,F,75,F,72,F,,A,11,F,2005,F,1,F,,A,14076,F,13552,F,13024,F,01,D,,A,,A,,A,,A,,A,,A,1,D,2,D
20241,05541532,28,0,5,01,D,100,D,.0440,D,75500,D,14,D,603,D,,A,,A,,A,,A,0,D,535,D,537,D,539,D,68,D,66,D,64,D,,A,07,D,2012,D,1,D,,A,18657,D,18122,D,17586,D,01,D,,A,,A,,A,,A,,A,,A,1,D,2,D
20241,05542592,15,0,5,01,D,100,D,.0440,D,7000,D,15,D,200,D,,B,,B,,B,,B,147,D,38,D,38,D,38,D,15,D,15,D,15,D,,A,04,D,2016,D,1,D,,A,4092,D,4054,D,4016,D,01,D,,A,,A,,A,,A,,A,,A,1,D,2,D
20241,05544312,21,0,5,01,D,100,D,.0799,F,99902,F,20,F,835,F,,A,,A,,A,,A,0,F,180,F,181,F,183,F,655,F,654,F,652,F,,A,03,F,2023,F,1,F,,A,98332,F,98152,F,97971,F,01,D,,A,,A,,A,,A,,A,,A,1,D,2,D
20241,05545802,33,0,5,01,D,100,D,.0690,D,50000,D,10,D,593,D,,B,,B,,B,,B,15,D,343,D,345,D,347,D,235,D,233,D,231,D,,A,05,D,2021,D,1,D,,A,40861,D,40518,D,40173,D,01,D,,A,,A,,A,,A,,A,,A,1,D,2,D
20241,05548242,26,0,5,01,D,100,D,.0400,D,32000,D,10,D,789,D,3,D,4,D,,A,,A,465,D,263,D,264,D,264,D,61,D,60,D,60,D,,A,01,D,2019,D,1,D,,A,18382,D,18119,D,17856,D,01,D,,A,,A,,A,,A,,A,,A,1,D,2,D
20241,05556892,12,0,1,01,D,100,D,.0690,F,50000,F,10,F,593,F,,B,,B,,B,,B,15,F,343,F,345,F,347,F,235,F,233,F,231,F,,A,05,F,2021,F,1,F,,A,40861,F,40518,F,40173,F,01,D,,A,,A,,A,,A,,A,,A,1,D,2,D
20241,05558952,21,0,5,01,D,100,D,.0420,D,248595,T,10,D,2897,T,,A,,A,,A,,A,0,D,1867,T,2240,T,2251,T,400,D,393,D,387,D,,A,07,D,2018,D,1,D,,A,114183,D,112335,D,110480,D,01,D,,A,,A,,A,,A,,A,,A,1,D,2,D
20241,05566572,33,0,5,01,D,100,D,.0756,D,65000,D,15,D,605,D,,A,,A,,A,,A,0,D,79,D,79,D,80,D,161,D,161,D,160,D,,A,09,D,2023,D,2,D,,A,64410,D,64211,D,64011,D,01,D,,C,,C,,C,450,D,240,D,240,D,1,D,2,D
20241,05566742,29,0,5,01,D,100,D,.0750,F,45000,F,5,F,902,F,,A,,A,,A,,A,0,F,270,F,272,F,273,F,30,F,28,F,27,F,,A,04,F,2020,F,2,F,,A,14500,F,13689,F,12873,F,01,D,,A,,A,,A,300,F,300,F,300,F,1,D,2,D
20241,05568682,19,0,5,01,D,100,D,.0386,D,35000,D,15,D,301,D,,B,,B,,B,,B,45,D,166,D,167,D,167,D,90,D,89,D,89,D,,A,02,D,2020,D,1,D,,A,27902,D,27736,D,27569,D,01,D,,A,,A,,A,,A,,A,,A,1,D,2,D
20241,05571452,16,0,5,01,D,100,D,.0400,D,52000,D,10,D,539,D,,B,,B,,B,,B,13,D,515,D,517,D,519,D,11,D,9,D,7,D,,A,06,D,2014,D,1,D,,A,3188,D,2673,D,2156,D,01,D,,A,,A,,A,,A,,A,,A,1,D,2,D
20241,05575911,19,0,1,01,D,100,D,.0775,D,29216,D,15,D,275,D,,A,,A,,A,,A,0,D,87,D,87,D,88,D,188,D,188,D,187,D,,A,09,D,2023,D,1,D,,A,29130,D,29043,D,28955,D,01,D,,A,,A,,A,,A,,A,,A,1,D,2,D
20241,05575991,18,0,1,01,D,100,D,.0440,D,150000,D,15,D,1200,D,,B,,B,,B,,B,60,D,823,D,826,D,829,D,317,D,314,D,311,D,,A,03,D,2016,D,1,D,,A,86405,D,85581,D,84755,D,01,D,,A,,A,,A,,A,,A,,A,1,D,2,D
20241,05578861,12,0,1,01,D,100,D,.0756,F,50000,F,15,F,700,F,,B,,B,,B,,B,235,F,160,F,161,F,162,F,305,F,304,F,303,F,,A,01,F,2023,F,1,F,,A,48457,F,48297,F,48136,F,01,D,,C,,C,,C,,A,,A,,A,1,D,2,D
20241,05579811,17,0,1,01,D,100,D,.0386,D,74231,D,8,D,900,D,,A,,A,,A,,A,0,D,0,D,0,D,0,D,900,D,900,D,900,D,,A,03,D,2020,D,1,D,,A,74231,D,74231,D,74231,D,01,D,,A,,A,,A,,A,,A,,A,,A,2,D
20241,05581221,18,0,1,01,D,100,D,.0800,D,16484,D,10,D,200,D,,A,,A,,A,,A,0,D,91,D,92,D,93,D,109,D,108,D,107,D,,A,08,D,2023,D,1,D,,A,16303,D,16212,D,16120,D,01,D,,A,,A,,A,,A,,A,,A,1,D,2,D
20241,05582091,21,0,1,01,D,100,D,.0529,D,90000,D,20,D,608,D,,A,,A,,A,,A,0,D,,A,,A,,A,,A,,A,,A,,A,10,D,2018,D,2,D,,A,75495,D,75219,D,74942,D,01,D,1,D,,A,,A,1163,T,850,D,1300,T,1,D,2,D
20241,05584441,12,0,1,01,D,100,D,.0900,D,27630,D,10,D,350,D,,A,,A,,A,,A,0,D,,A,143,D,144,D,,A,207,D,206,D,,A,11,D,2023,D,1,D,,A,,A,27630,D,27487,D,01,D,,A,,A,,A,,A,,A,,A,1,D,2,D
20241,05587041,20,0,1,01,D,100,D,.0900,D,50000,D,10,D,633,D,,A,,A,,A,,A,0,D,,A,,A,,A,,A,,A,,A,,A,10,D,2022,D,2,D,,A,46486,D,46201,D,45914,D,01,D,1,D,,A,,A,1163,T,1267,T,1300,T,1,D,2,D
20241,05590051,35,0,1,01,D,100,D,.0609,D,64803,D,15,D,550,D,,C,,C,,C,,C,0,D,243,D,245,D,246,D,307,D,305,D,304,D,,A,04,D,2022,D,1,D,,A,60404,D,60161,D,59916,D,01,D,,A,,A,,A,,A,,A,,A,,C,,A
20241,05591521,16,0,1,01,D,100,D,.0756,D,50000,D,15,D,700,D,,B,,B,,B,,B,235,D,160,D,161,D,162,D,305,D,304,D,303,D,,A,01,D,2023,D,1,D,,A,48457,D,48297,D,48136,D,01,D,,A,,A,,A,,A,,A,,A,1,D,2,D
20241,05593081,14,0,1,01,D,100,D,.0600,D,60000,D,15,D,600,D,,B,,B,,B,,B,94,D,222,D,223,D,224,D,284,D,283,D,282,D,,A,08,D,2022,D,1,D,,A,56799,D,56577,D,56354,D,01,D,,A,,A,,A,,A,,A,,A,1,D,2,D
20241,05593641,28,0,1,01,D,100,D,.0799,F,99902,F,20,F,835,F,,A,,A,,A,,A,0,F,180,F,181,F,183,F,655,F,654,F,652,F,,A,03,F,2023,F,1,F,,A,98332,F,98152,F,97971,F,01,D,,A,,A,,A,,A,,A,,A,1,D,2,D
20241,05604721,31,0,1,01,D,100,D,.0400,D,55000,D,10,D,716,D,,B,,B,,B,,B,159,D,446,D,447,D,449,D,111,D,110,D,108,D,,A,07,D,2019,D,1,D,,A,33378,D,32932,D,32485,D,01,D,,A,,A,,A,,A,,A,,A,1,D,2,D
20241,05606031,8,0,1,01,D,100,D,.0762,D,248595,T,10,D,2897,T,,C,,C,,C,,C,0,D,,A,2240,T,2251,T,,A,2858,D,2842,D,,A,01,D,2024,D,2,D,,A,,A,263113,T,261556,T,01,D,,A,,A,3,D,0,D,0,D,1300,T,,C,,A
