QYEAR,NEWID,SEQNO,ALCNO,REC_ORIG,MEDRCARY,MEDR_ARY,MEDRGFTC,MEDR_FTC,MEDRMBMO,MEDR_BMO,MEDRMBX,MEDRMBX_,MEDRCY1,MEDRCY1_,MEDRCY2,MEDRCY2_,MEDRCY3,MEDRCY3_,MEDRCY4,MEDRCY4_,MEDRCY5,MEDRCY5_,MEDRCY6,MEDRCY6_,MEDRCY7,MEDRCY7_,MEDRCY8,MEDRCY8_,MEDRCY9,MEDRCY9_,MEDRPRNT,MEDR_RNT,MEDRNOUT,MEDR_OUT
20232,05091304,25,0,1,620,D,1,D,01,D,24,D,,A,,A,,A,,A,,A,,A,,A,,A,,A,,A,,A
20232,05092964,49,0,1,410,D,1,D,01,D,131,D,,A,,A,,A,,A,,A,,A,,A,,A,,A,,A,2,D
20232,05092964,50,0,1,410,D,1,D,02,D,161,D,,A,,A,,A,,A,,A,,A,,A,,A,,A,,A,1,D
20232,05092964,51,0,1,410,D,1,D,03,D,343,D,,A,,A,,A,,A,,A,,A,,A,,A,,A,,A,1,D
20232,05092964,52,0,1,420,D,1,D,03,D,112,D,,A,,A,,A,,A,,A,,A,,A,,A,,A,,A,,A
20232,05092964,53,0,1,620,D,1,D,01,D,145,D,,A,,A,,A,,A,,A,,A,,A,,A,,A,,A,,A
20232,05092964,54,0,1,620,D,1,D,02,D,335,D,,A,,A,,A,,A,,A,,A,,A,,A,,A,,A,,A
20232,05092964,55,0,1,620,D,1,D,03,D,934,D,,A,,A,,A,,A,,A,,A,,A,,A,,A,,A,,A
20232,05093664,21,0,1,410,D,1,D,03,D,579,D,,A,,A,,A,,A,,A,,A,,A,,A,,A,,A,1,D
20232,05094224,9,0,1,620,D,1,D,02,D,30,D,,A,,A,,A,,A,,A,,A,,A,,A,,A,,A,,A
20232,05095244,10,0,1,620,D,1,D,01,D,24,D,,A,,A,,A,,A,,A,,A,,A,,A,,A,,A,,A
20232,05096254,16,0,1,120,D,1,D,03,D,300,D,,A,,A,,A,,A,,A,,A,,A,,A,,A,,A,,A
20232,05098464,15,0,1,420,D,1,D,01,D,500,D,,A,,A,,A,,A,,A,,A,,A,,A,,A,,A,,A
20232,05098524,22,0,1,620,D,1,D,01,D,111,D,,A,,A,,A,,A,,A,,A,,A,,A,,A,,A,,A
20232,05098524,23,0,1,620,D,1,D,03,D,10,D,,A,,A,,A,,A,,A,,A,,A,,A,,A,,A,,A
20232,05099374,21,0,1,200,D,1,D,01,D,3250,T,,A,,A,,A,,A,,A,,A,,A,,A,,A,,A,,A
20232,05099534,14,0,1,530,D,1,D,03,D,34,D,,A,,A,,A,,A,,A,,A,,A,,A,,A,,A,,A
20232,05100824,30,0,1,620,D,1,D,01,D,110,D,,A,,A,,A,,A,,A,,A,,A,,A,,A,,A,,A
20232,05103114,14,0,1,900,D,1,D,04,D,,H,900,D,330,D,,A,,A,,A,,A,,A,,A,,A,,A,,A
20232,05103114,14,1,1,200,D,1,D,04,D,16,E,,A,,A,,A,,A,,A,,A,,A,,A,,A,,A,,A
20232,05103114,14,2,1,330,D,1,D,04,D,132,E,,A,,A,,A,,A,,A,,A,,A,,A,,A,,A,,A
20232,05103114,14,3,1,620,D,1,D,04,D,2,E,,A,,A,,A,,A,,A,,A,,A,,A,,A,,A,,A
20232,05103484,16,0,2,420,D,1,D,03,D,160,D,,A,,A,,A,,A,,A,,A,,A,,A,,A,,A,,A
20232,05103994,13,0,1,620,D,1,D,05,D,34,D,,A,,A,,A,,A,,A,,A,,A,,A,,A,,A,,A
20232,05104574,18,0,1,200,D,1,D,05,D,913,D,,A,,A,,A,,A,,A,,A,,A,,A,,A,,A,,A
20232,05107644,14,0,1,420,D,1,D,05,D,210,D,,A,,A,,A,,A,,A,,A,,A,,A,,A,,A,,A
20232,05108084,11,0,1,530,D,1,D,05,D,465,D,,A,,A,,A,,A,,A,,A,,A,,A,,A,,A,,A
20232,05108084,12,0,2,530,D,1,D,03,D,660,D,,A,,A,,A,,A,,A,,A,,A,,A,,A,,A,,A
20232,05108294,24,0,1,635,D,2,D,05,D,,T,,A,,A,,A,,A,,A,,A,,A,,A,,A,1,D,,A
20232,05109794,26,0,1,620,D,1,D,03,D,30,D,,A,,A,,A,,A,,A,,A,,A,,A,,A,,A,,A
20232,05110674,25,0,1,120,D,1,D,05,D,120,D,,A,,A,,A,,A,,A,,A,,A,,A,,A,,A,,A
20232,05112864,19,0,1,620,D,1,D,04,D,10,D,,A,,A,,A,,A,,A,,A,,A,,A,,A,,A,,A
20232,05113164,21,0,2,200,D,1,D,03,D,1502,D,,A,,A,,A,,A,,A,,A,,A,,A,,A,,A,,A
20232,05113524,22,0,2,420,D,1,D,03,D,100,D,,A,,A,,A,,A,,A,,A,,A,,A,,A,,A,,A
20232,05113874,22,0,1,200,D,1,D,05,D,441,D,,A,,A,,A,,A,,A,,A,,A,,A,,A,,A,,A
20232,05114554,25,0,1,530,D,1,D,03,D,6933,T,,A,,A,,A,,A,,A,,A,,A,,A,,A,,A,,A
20232,05114584,23,0,1,110,D,1,D,03,D,85,D,,A,,A,,A,,A,,A,,A,,A,,A,,A,,A,,A
20232,05118164,22,0,1,200,D,1,D,04,D,40,D,,A,,A,,A,,A,,A,,A,,A,,A,,A,,A,,A
20232,05118354,22,0,1,620,D,1,D,02,D,141,D,,A,,A,,A,,A,,A,,A,,A,,A,,A,,A,,A
20232,05118354,23,0,1,620,D,1,D,03,D,141,D,,A,,A,,A,,A,,A,,A,,A,,A,,A,,A,,A
20232,05118354,24,0,1,620,D,1,D,04,D,141,D,,A,,A,,A,,A,,A,,A,,A,,A,,A,,A,,A
20232,05120774,20,0,1,110,D,1,D,04,D,20,D,,A,,A,,A,,A,,A,,A,,A,,A,,A,,A,,A
20232,05121434,18,0,1,200,D,1,D,03,D,16,D,,A,,A,,A,,A,,A,,A,,A,,A,,A,,A,,A
20232,05122174,10,0,1,200,D,1,D,02,D,108,D,,A,,A,,A,,A,,A,,A,,A,,A,,A,,A,,A
20232,05122404,22,0,1,200,D,1,D,03,D,239,D,,A,,A,,A,,A,,A,,A,,A,,A,,A,,A,,A
20232,05122544,12,0,1,330,D,1,D,04,D,150,D,,A,,A,,A,,A,,A,,A,,A,,A,,A,,A,,A
20232,05122544,13,0,1,620,D,1,D,04,D,10,D,,A,,A,,A,,A,,A,,A,,A,,A,,A,,A,,A
20232,05123614,45,0,1,200,D,1,D,04,D,300,D,,A,,A,,A,,A,,A,,A,,A,,A,,A,,A,,A
20232,05123624,24,0,1,200,D,1,D,02,D,300,D,,A,,A,,A,,A,,A,,A,,A,,A,,A,,A,,A
20232,05201883,16,0,1,130,D,1,D,03,D,,H,120,D,110,D,,A,,A,,A,,A,,A,,A,,A,,A,,A
20232,05201883,16,1,1,120,D,1,D,03,D,208,E,,A,,A,,A,,A,,A,,A,,A,,A,,A,,A,,A
20232,05201883,16,2,1,110,D,1,D,03,D,173,E,,A,,A,,A,,A,,A,,A,,A,,A,,A,,A,,A
20232,05202853,17,0,1,200,D,1,D,01,D,275,D,,A,,A,,A,,A,,A,,A,,A,,A,,A,,A,,A
20232,05203813,27,0,1,620,D,1,D,03,D,670,D,,A,,A,,A,,A,,A,,A,,A,,A,,A,,A,,A
20232,05203943,11,0,1,620,D,1,D,02,D,70,D,,A,,A,,A,,A,,A,,A,,A,,A,,A,,A,,A
20232,05206613,27,0,1,120,D,1,D,02,D,43,D,,A,,A,,A,,A,,A,,A,,A,,A,,A,,A,,A
20232,05207303,14,0,1,200,D,1,D,01,D,3250,T,,A,,A,,A,,A,,A,,A,,A,,A,,A,,A,,A
20232,05207303,15,0,1,200,D,1,D,02,D,3250,T,,A,,A,,A,,A,,A,,A,,A,,A,,A,,A,,A
20232,05207303,16,0,1,620,D,1,D,01,D,50,D,,A,,A,,A,,A,,A,,A,,A,,A,,A,,A,,A
20232,05209853,27,0,1,620,D,1,D,01,D,100,D,,A,,A,,A,,A,,A,,A,,A,,A,,A,,A,,A
20232,05214393,19,0,1,200,D,1,D,02,D,114,D,,A,,A,,A,,A,,A,,A,,A,,A,,A,,A,,A
20232,05217263,22,0,1,420,D,1,D,04,D,350,D,,A,,A,,A,,A,,A,,A,,A,,A,,A,,A,,A
20232,05217263,23,0,1,510,D,1,D,04,D,358,T,,A,,A,,A,,A,,A,,A,,A,,A,,A,,A,,A
20232,05219924,27,0,1,110,D,1,D,03,D,429,T,,A,,A,,A,,A,,A,,A,,A,,A,,A,,A,,A
20232,05220063,5,0,1,200,D,1,D,04,D,100,D,,A,,A,,A,,A,,A,,A,,A,,A,,A,,A,,A
20232,05222174,10,0,1,620,D,1,D,02,D,21,D,,A,,A,,A,,A,,A,,A,,A,,A,,A,,A,,A
20232,05223223,16,0,1,120,D,1,D,04,D,398,D,,A,,A,,A,,A,,A,,A,,A,,A,,A,,A,,A
20232,05223833,17,0,1,420,D,1,D,04,D,180,D,,A,,A,,A,,A,,A,,A,,A,,A,,A,,A,,A
20232,05225063,25,0,1,620,D,1,D,05,D,30,D,,A,,A,,A,,A,,A,,A,,A,,A,,A,,A,,A
20232,05225063,26,0,2,620,D,1,D,03,D,30,D,,A,,A,,A,,A,,A,,A,,A,,A,,A,,A,,A
20232,05225063,27,0,2,620,D,1,D,03,D,30,D,,A,,A,,A,,A,,A,,A,,A,,A,,A,,A,,A
20232,05226953,18,0,1,120,D,1,D,05,D,150,D,,A,,A,,A,,A,,A,,A,,A,,A,,A,,A,,A
20232,05228023,23,0,1,110,D,1,D,03,D,40,D,,A,,A,,A,,A,,A,,A,,A,,A,,A,,A,,A
20232,05228023,24,0,1,420,D,1,D,04,D,100,D,,A,,A,,A,,A,,A,,A,,A,,A,,A,,A,,A
20232,05228023,25,0,1,330,D,1,D,04,D,265,D,,A,,A,,A,,A,,A,,A,,A,,A,,A,,A,,A
20232,05228653,17,0,2,620,D,1,D,03,D,13,D,,A,,A,,A,,A,,A,,A,,A,,A,,A,,A,,A
20232,05230223,24,0,1,120,D,1,D,05,D,100,D,,A,,A,,A,,A,,A,,A,,A,,A,,A,,A,,A
20232,05233063,15,0,1,620,D,1,D,05,D,50,D,,A,,A,,A,,A,,A,,A,,A,,A,,A,,A,,A
20232,05233843,25,0,1,410,D,1,D,05,D,80,D,,A,,A,,A,,A,,A,,A,,A,,A,,A,,A,2,D
20232,05236143,31,0,1,420,D,1,D,03,D,10,D,,A,,A,,A,,A,,A,,A,,A,,A,,A,,A,,A
20232,05252392,32,0,1,410,D,1,D,01,D,1396,T,,A,,A,,A,,A,,A,,A,,A,,A,,A,,A,1,D
20232,05252392,33,0,1,410,D,1,D,03,D,1396,T,,A,,A,,A,,A,,A,,A,,A,,A,,A,,A,1,D
20232,05252392,34,0,1,410,D,1,D,02,D,1396,T,,A,,A,,A,,A,,A,,A,,A,,A,,A,,A,1,D
20232,05252502,9,0,1,420,D,1,D,01,D,120,D,,A,,A,,A,,A,,A,,A,,A,,A,,A,,A,,A
20232,05252812,13,0,1,200,D,1,D,02,D,600,D,,A,,A,,A,,A,,A,,A,,A,,A,,A,,A,,A
20232,05253012,8,0,1,420,D,1,D,03,D,30,D,,A,,A,,A,,A,,A,,A,,A,,A,,A,,A,,A
20232,05253582,17,0,1,200,D,1,D,02,D,400,D,,A,,A,,A,,A,,A,,A,,A,,A,,A,,A,,A
20232,05254112,15,0,1,200,D,1,D,01,D,45,D,,A,,A,,A,,A,,A,,A,,A,,A,,A,,A,,A
20232,05255182,14,0,1,110,D,1,D,02,D,40,D,,A,,A,,A,,A,,A,,A,,A,,A,,A,,A,,A
20232,05258052,30,0,1,410,D,1,D,03,D,25,D,,A,,A,,A,,A,,A,,A,,A,,A,,A,,A,1,D
20232,05260782,20,0,1,200,D,1,D,01,D,89,D,,A,,A,,A,,A,,A,,A,,A,,A,,A,,A,,A
20232,05260782,21,0,1,200,D,1,D,02,D,89,D,,A,,A,,A,,A,,A,,A,,A,,A,,A,,A,,A
20232,05260782,22,0,1,200,D,1,D,03,D,89,D,,A,,A,,A,,A,,A,,A,,A,,A,,A,,A,,A
20232,05261772,31,0,1,200,D,1,D,03,D,1000,D,,A,,A,,A,,A,,A,,A,,A,,A,,A,,A,,A
20232,05264872,17,0,1,200,D,1,D,03,D,55,D,,A,,A,,A,,A,,A,,A,,A,,A,,A,,A,,A
20232,05267522,29,0,2,620,D,1,D,02,D,8,D,,A,,A,,A,,A,,A,,A,,A,,A,,A,,A,,A
20232,05267852,20,0,1,330,D,1,D,02,D,1655,D,,A,,A,,A,,A,,A,,A,,A,,A,,A,,A,,A
20232,05267862,21,0,1,410,D,1,D,04,D,1396,T,,A,,A,,A,,A,,A,,A,,A,,A,,A,,A,1,D
20232,05269972,28,0,1,200,D,1,D,04,D,77,D,,A,,A,,A,,A,,A,,A,,A,,A,,A,,A,,A
20232,05274182,19,0,1,410,D,1,D,04,D,248,D,,A,,A,,A,,A,,A,,A,,A,,A,,A,,A,1,D
20232,05276082,17,0,1,330,D,1,D,05,D,40,D,,A,,A,,A,,A,,A,,A,,A,,A,,A,,A,,A
20232,05277832,14,0,1,410,D,1,D,05,D,59,D,,A,,A,,A,,A,,A,,A,,A,,A,,A,,A,2,D
20232,05277832,15,0,1,410,D,1,D,04,D,59,D,,A,,A,,A,,A,,A,,A,,A,,A,,A,,A,2,D
20232,05277832,16,0,1,410,D,1,D,03,D,59,D,,A,,A,,A,,A,,A,,A,,A,,A,,A,,A,2,D
20232,05279852,13,0,1,510,D,1,D,05,D,50,D,,A,,A,,A,,A,,A,,A,,A,,A,,A,,A,,A
20232,05284572,12,0,1,410,D,1,D,05,D,100,D,,A,,A,,A,,A,,A,,A,,A,,A,,A,,A,2,D
20232,05290701,15,0,1,620,D,1,D,01,D,27,D,,A,,A,,A,,A,,A,,A,,A,,A,,A,,A,,A
20232,05290701,16,0,1,620,D,1,D,02,D,27,D,,A,,A,,A,,A,,A,,A,,A,,A,,A,,A,,A
20232,05290701,17,0,1,620,D,1,D,03,D,27,D,,A,,A,,A,,A,,A,,A,,A,,A,,A,,A,,A
20232,05291241,7,0,1,410,D,1,D,03,D,200,D,,A,,A,,A,,A,,A,,A,,A,,A,,A,,A,2,D
20232,05292541,46,0,1,200,D,1,D,03,D,300,D,,A,,A,,A,,A,,A,,A,,A,,A,,A,,A,,A
20232,05292841,16,0,1,200,D,1,D,01,D,900,D,,A,,A,,A,,A,,A,,A,,A,,A,,A,,A,,A
20232,05293501,18,0,1,420,D,1,D,01,D,134,D,,A,,A,,A,,A,,A,,A,,A,,A,,A,,A,,A
20232,05293501,19,0,1,420,D,1,D,02,D,134,D,,A,,A,,A,,A,,A,,A,,A,,A,,A,,A,,A
20232,05293501,20,0,1,420,D,1,D,03,D,134,D,,A,,A,,A,,A,,A,,A,,A,,A,,A,,A,,A
20232,05294661,29,0,1,510,D,1,D,02,D,358,T,,A,,A,,A,,A,,A,,A,,A,,A,,A,,A,,A
20232,05295451,10,0,1,510,D,1,D,03,D,87,D,,A,,A,,A,,A,,A,,A,,A,,A,,A,,A,,A
20232,05296551,11,0,1,420,D,1,D,01,D,134,D,,A,,A,,A,,A,,A,,A,,A,,A,,A,,A,,A
20232,05344031,12,0,1,110,D,1,D,04,D,100,D,,A,,A,,A,,A,,A,,A,,A,,A,,A,,A,,A
20232,05344102,12,0,1,420,D,1,D,04,D,35,D,,A,,A,,A,,A,,A,,A,,A,,A,,A,,A,,A
20232,05346361,17,0,1,130,D,1,D,03,D,,H,120,D,110,D,,A,,A,,A,,A,,A,,A,,A,,A,,A
20232,05346361,17,1,1,120,D,1,D,03,D,219,E,,A,,A,,A,,A,,A,,A,,A,,A,,A,,A,,A
20232,05346361,17,2,1,110,D,1,D,03,D,181,E,,A,,A,,A,,A,,A,,A,,A,,A,,A,,A,,A
20232,05346401,20,0,1,120,D,1,D,03,D,200,D,,A,,A,,A,,A,,A,,A,,A,,A,,A,,A,,A
20232,05347271,15,0,1,420,D,1,D,02,D,20,D,,A,,A,,A,,A,,A,,A,,A,,A,,A,,A,,A
20232,05349561,22,0,1,110,D,1,D,03,D,120,D,,A,,A,,A,,A,,A,,A,,A,,A,,A,,A,,A
20232,05349811,5,0,1,620,D,1,D,02,D,3,D,,A,,A,,A,,A,,A,,A,,A,,A,,A,,A,,A
20232,05351891,24,0,1,510,D,1,D,03,D,358,T,,A,,A,,A,,A,,A,,A,,A,,A,,A,,A,,A
20232,05353731,18,0,1,330,D,1,D,04,D,1200,D,,A,,A,,A,,A,,A,,A,,A,,A,,A,,A,,A
20232,05355031,19,0,1,420,D,1,D,03,D,25,D,,A,,A,,A,,A,,A,,A,,A,,A,,A,,A,,A
20232,05355031,20,0,1,200,D,1,D,02,D,116,D,,A,,A,,A,,A,,A,,A,,A,,A,,A,,A,,A
20232,05355631,22,0,1,200,D,1,D,05,D,187,D,,A,,A,,A,,A,,A,,A,,A,,A,,A,,A,,A
20232,05359081,17,0,1,620,D,1,D,03,D,15,D,,A,,A,,A,,A,,A,,A,,A,,A,,A,,A,,A
20232,05359461,10,0,1,200,D,1,D,05,D,100,D,,A,,A,,A,,A,,A,,A,,A,,A,,A,,A,,A
20232,05359461,11,0,1,420,D,1,D,05,D,50,D,,A,,A,,A,,A,,A,,A,,A,,A,,A,,A,,A
20232,05360661,10,0,1,620,D,1,D,03,D,98,F,,A,,A,,A,,A,,A,,A,,A,,A,,A,,A,,A
20232,05360823,17,0,1,110,D,1,D,05,D,112,F,,A,,A,,A,,A,,A,,A,,A,,A,,A,,A,,A
20232,05360823,18,0,1,120,D,1,D,05,D,166,F,,A,,A,,A,,A,,A,,A,,A,,A,,A,,A,,A
20232,05360823,19,0,1,120,D,1,D,05,D,166,F,,A,,A,,A,,A,,A,,A,,A,,A,,A,,A,,A
20232,05360823,20,0,1,410,D,1,D,03,D,515,F,,A,,A,,A,,A,,A,,A,,A,,A,,A,,A,2,D
20232,05360823,21,0,1,410,D,1,D,04,D,515,F,,A,,A,,A,,A,,A,,A,,A,,A,,A,,A,2,D
20232,05363011,11,0,1,200,D,1,D,04,D,550,D,,A,,A,,A,,A,,A,,A,,A,,A,,A,,A,,A
20232,05364181,13,0,1,200,D,1,D,03,D,212,D,,A,,A,,A,,A,,A,,A,,A,,A,,A,,A,,A
20232,05366071,20,0,1,410,D,1,D,04,D,350,D,,A,,A,,A,,A,,A,,A,,A,,A,,A,,A,2,D
20232,05366071,21,0,1,410,D,1,D,05,D,350,D,,A,,A,,A,,A,,A,,A,,A,,A,,A,,A,2,D
20233,05205514,38,0,1,620,D,1,D,05,D,20,D,,A,,A,,A,,A,,A,,A,,A,,A,,A,,A,,A
20233,05207304,16,0,1,200,D,1,D,06,D,3250,T,,A,,A,,A,,A,,A,,A,,A,,A,,A,,A,,A
20233,05209144,21,0,1,635,D,1,D,06,D,,T,,A,,A,,A,,A,,A,,A,,A,,A,,A,1,D,,A
20233,05213604,19,0,1,620,D,1,D,05,D,30,D,,A,,A,,A,,A,,A,,A,,A,,A,,A,,A,,A
20233,05213604,20,0,1,620,D,1,D,06,D,30,D,,A,,A,,A,,A,,A,,A,,A,,A,,A,,A,,A
20233,05213604,21,0,1,620,D,1,D,07,D,30,D,,A,,A,,A,,A,,A,,A,,A,,A,,A,,A,,A
20233,05214514,14,0,1,530,D,1,D,06,D,6933,T,,A,,A,,A,,A,,A,,A,,A,,A,,A,,A,,A
20233,05215474,9,0,1,610,D,1,D,05,D,466,F,,A,,A,,A,,A,,A,,A,,A,,A,,A,,A,,A
20233,05216974,14,0,1,410,D,1,D,07,D,107,D,,A,,A,,A,,A,,A,,A,,A,,A,,A,,A,2,D
20233,05218984,27,0,1,420,D,1,D,05,D,996,D,,A,,A,,A,,A,,A,,A,,A,,A,,A,,A,,A
20233,05218984,28,0,1,420,D,1,D,06,D,2096,T,,A,,A,,A,,A,,A,,A,,A,,A,,A,,A,,A
20233,05218984,29,0,1,420,D,1,D,07,D,996,D,,A,,A,,A,,A,,A,,A,,A,,A,,A,,A,,A
20233,05219794,13,0,1,655,D,1,D,05,D,,T,,A,,A,,A,,A,,A,,A,,A,,A,,A,1,D,,A
20233,05225064,34,0,1,200,D,1,D,08,D,500,D,,A,,A,,A,,A,,A,,A,,A,,A,,A,,A,,A
20233,05225064,35,0,1,620,D,1,D,08,D,30,D,,A,,A,,A,,A,,A,,A,,A,,A,,A,,A,,A
20233,05225194,29,0,1,200,D,1,D,08,D,1400,D,,A,,A,,A,,A,,A,,A,,A,,A,,A,,A,,A
20233,05226064,19,0,1,330,D,1,D,07,D,59,D,,A,,A,,A,,A,,A,,A,,A,,A,,A,,A,,A
20233,05226524,22,0,2,420,D,1,D,06,D,304,D,,A,,A,,A,,A,,A,,A,,A,,A,,A,,A,,A
20233,05226694,29,0,2,410,D,1,D,06,D,115,D,,A,,A,,A,,A,,A,,A,,A,,A,,A,,A,1,D
20233,05228384,13,0,1,200,D,1,D,06,D,25,D,,A,,A,,A,,A,,A,,A,,A,,A,,A,,A,,A
20233,05229514,9,0,1,410,D,1,D,06,D,5,D,,A,,A,,A,,A,,A,,A,,A,,A,,A,,A,2,D
20233,05230144,20,0,1,200,D,1,D,06,D,80,D,,A,,A,,A,,A,,A,,A,,A,,A,,A,,A,,A
20233,05232954,13,0,1,410,D,1,D,08,D,40,D,,A,,A,,A,,A,,A,,A,,A,,A,,A,,A,2,D
20233,05236544,12,0,2,200,D,1,D,06,D,150,D,,A,,A,,A,,A,,A,,A,,A,,A,,A,,A,,A
20233,05253123,13,0,2,200,D,1,D,04,D,1358,D,,A,,A,,A,,A,,A,,A,,A,,A,,A,,A,,A
20233,05253663,15,0,1,410,D,1,D,06,D,1396,T,,A,,A,,A,,A,,A,,A,,A,,A,,A,,A,2,D
20233,05257623,29,0,1,530,D,1,D,06,D,6933,T,,A,,A,,A,,A,,A,,A,,A,,A,,A,,A,,A
20233,05257873,7,0,1,410,D,1,D,05,D,70,D,,A,,A,,A,,A,,A,,A,,A,,A,,A,,A,2,D
20233,05257873,8,0,1,410,D,1,D,06,D,70,D,,A,,A,,A,,A,,A,,A,,A,,A,,A,,A,2,D
20233,05259983,17,0,1,120,D,1,D,05,D,120,D,,A,,A,,A,,A,,A,,A,,A,,A,,A,,A,,A
20233,05260023,8,0,1,420,D,1,D,06,D,200,D,,A,,A,,A,,A,,A,,A,,A,,A,,A,,A,,A
20233,05260023,9,0,1,620,D,1,D,05,D,100,D,,A,,A,,A,,A,,A,,A,,A,,A,,A,,A,,A
20233,05262363,15,0,1,410,D,1,D,05,D,90,D,,A,,A,,A,,A,,A,,A,,A,,A,,A,,A,1,D
20233,05262623,16,0,2,510,D,1,D,04,D,30,F,,A,,A,,A,,A,,A,,A,,A,,A,,A,,A,,A
20233,05265943,17,0,1,200,D,1,D,05,D,22,D,,A,,A,,A,,A,,A,,A,,A,,A,,A,,A,,A
20233,05266003,12,0,1,620,D,1,D,07,D,60,D,,A,,A,,A,,A,,A,,A,,A,,A,,A,,A,,A
20233,05266473,17,0,2,200,D,1,D,05,D,756,D,,A,,A,,A,,A,,A,,A,,A,,A,,A,,A,,A
20233,05267863,22,0,1,900,D,1,D,06,D,,H,330,D,200,D,410,D,,A,,A,,A,,A,,A,,A,,A,1,D
20233,05267863,22,1,1,330,D,1,D,06,D,999,E,,A,,A,,A,,A,,A,,A,,A,,A,,A,,A,1,D
20233,05267863,22,2,1,200,D,1,D,06,D,50,E,,A,,A,,A,,A,,A,,A,,A,,A,,A,,A,1,D
20233,05267863,22,3,1,410,D,1,D,06,D,75,E,,A,,A,,A,,A,,A,,A,,A,,A,,A,,A,1,D
20233,05269973,16,0,1,530,D,1,D,07,D,80,D,,A,,A,,A,,A,,A,,A,,A,,A,,A,,A,,A
20233,05269973,17,0,1,530,D,1,D,06,D,80,D,,A,,A,,A,,A,,A,,A,,A,,A,,A,,A,,A
20233,05269973,18,0,1,530,D,1,D,05,D,80,D,,A,,A,,A,,A,,A,,A,,A,,A,,A,,A,,A
20233,05270823,23,0,1,620,D,1,D,05,D,100,D,,A,,A,,A,,A,,A,,A,,A,,A,,A,,A,,A
20233,05270823,24,0,1,620,D,1,D,06,D,100,D,,A,,A,,A,,A,,A,,A,,A,,A,,A,,A,,A
20233,05273783,14,0,1,410,D,1,D,05,D,225,D,,A,,A,,A,,A,,A,,A,,A,,A,,A,,A,1,D
20233,05273783,15,0,1,410,D,1,D,06,D,225,D,,A,,A,,A,,A,,A,,A,,A,,A,,A,,A,1,D
20233,05273783,16,0,1,410,D,1,D,07,D,225,D,,A,,A,,A,,A,,A,,A,,A,,A,,A,,A,1,D
20233,05275103,9,0,1,900,D,1,D,08,D,,H,900,D,620,D,,A,,A,,A,,A,,A,,A,,A,,A,,A
20233,05275103,9,1,1,110,D,1,D,08,D,92,E,,A,,A,,A,,A,,A,,A,,A,,A,,A,,A,,A
20233,05275103,9,2,1,200,D,1,D,08,D,99,E,,A,,A,,A,,A,,A,,A,,A,,A,,A,,A,,A
20233,05275103,9,3,1,620,D,1,D,08,D,39,E,,A,,A,,A,,A,,A,,A,,A,,A,,A,,A,,A
20233,05276923,15,0,2,510,D,1,D,06,D,30,D,,A,,A,,A,,A,,A,,A,,A,,A,,A,,A,,A
20233,05277833,17,0,2,410,D,1,D,06,D,59,D,,A,,A,,A,,A,,A,,A,,A,,A,,A,,A,2,D
20233,05277893,56,0,1,330,D,1,D,07,D,4405,T,,A,,A,,A,,A,,A,,A,,A,,A,,A,,A,,A
20233,05277893,57,0,1,420,D,1,D,06,D,105,D,,A,,A,,A,,A,,A,,A,,A,,A,,A,,A,,A
20233,05277893,58,0,1,420,D,1,D,07,D,105,D,,A,,A,,A,,A,,A,,A,,A,,A,,A,,A,,A
20233,05280233,18,0,1,110,D,1,D,07,D,429,T,,A,,A,,A,,A,,A,,A,,A,,A,,A,,A,,A
20233,05280713,44,0,1,330,D,1,D,08,D,4405,T,,A,,A,,A,,A,,A,,A,,A,,A,,A,,A,,A
20233,05283013,11,0,1,620,D,1,D,06,D,27,D,,A,,A,,A,,A,,A,,A,,A,,A,,A,,A,,A
20233,05285843,27,0,1,130,D,1,D,08,D,,H,110,D,120,D,,A,,A,,A,,A,,A,,A,,A,,A,,A
20233,05285843,27,1,1,110,D,1,D,08,D,429,U,,A,,A,,A,,A,,A,,A,,A,,A,,A,,A,,A
20233,05285843,27,2,1,120,D,1,D,08,D,355,E,,A,,A,,A,,A,,A,,A,,A,,A,,A,,A,,A
20233,05285843,28,0,1,620,D,1,D,08,D,111,D,,A,,A,,A,,A,,A,,A,,A,,A,,A,,A,,A
20233,05286632,31,0,1,200,D,1,D,05,D,198,D,,A,,A,,A,,A,,A,,A,,A,,A,,A,,A,,A
20233,05287002,16,0,1,420,D,1,D,06,D,14,D,,A,,A,,A,,A,,A,,A,,A,,A,,A,,A,,A
20233,05287092,16,0,1,110,D,1,D,05,D,30,D,,A,,A,,A,,A,,A,,A,,A,,A,,A,,A,,A
20233,05288692,15,0,2,620,D,1,D,04,D,33,D,,A,,A,,A,,A,,A,,A,,A,,A,,A,,A,,A
20233,05289692,15,0,1,420,D,1,D,06,D,69,D,,A,,A,,A,,A,,A,,A,,A,,A,,A,,A,,A
20233,05290512,19,0,1,530,D,1,D,06,D,165,D,,A,,A,,A,,A,,A,,A,,A,,A,,A,,A,,A
20233,05293422,12,0,1,200,D,1,D,06,D,450,D,,A,,A,,A,,A,,A,,A,,A,,A,,A,,A,,A
20233,05293502,24,0,2,420,D,1,D,04,D,134,D,,A,,A,,A,,A,,A,,A,,A,,A,,A,,A,,A
20233,05295002,15,0,2,120,D,1,D,04,D,200,D,,A,,A,,A,,A,,A,,A,,A,,A,,A,,A,,A
20233,05296262,17,0,1,410,D,1,D,04,D,150,D,,A,,A,,A,,A,,A,,A,,A,,A,,A,,A,1,D
20233,05296262,18,0,1,410,D,1,D,05,D,150,D,,A,,A,,A,,A,,A,,A,,A,,A,,A,,A,1,D
20233,05296262,19,0,1,410,D,1,D,06,D,150,D,,A,,A,,A,,A,,A,,A,,A,,A,,A,,A,1,D
20233,05297592,19,0,1,110,D,1,D,05,D,40,D,,A,,A,,A,,A,,A,,A,,A,,A,,A,,A,,A
20233,05297592,20,0,1,120,D,1,D,05,D,230,D,,A,,A,,A,,A,,A,,A,,A,,A,,A,,A,,A
20233,05344103,17,0,1,420,D,1,D,05,D,35,D,,A,,A,,A,,A,,A,,A,,A,,A,,A,,A,,A
20233,05344103,18,0,1,420,D,1,D,06,D,70,D,,A,,A,,A,,A,,A,,A,,A,,A,,A,,A,,A
20233,05344882,10,0,1,420,D,1,D,05,D,481,F,,A,,A,,A,,A,,A,,A,,A,,A,,A,,A,,A
20233,05345042,30,0,1,530,D,1,D,06,D,310,D,,A,,A,,A,,A,,A,,A,,A,,A,,A,,A,,A
20233,05345812,22,0,1,330,D,1,D,06,D,4405,T,,A,,A,,A,,A,,A,,A,,A,,A,,A,,A,,A
20233,05347302,12,0,2,110,D,1,D,05,D,140,D,,A,,A,,A,,A,,A,,A,,A,,A,,A,,A,,A
20233,05349362,10,0,1,200,D,1,D,07,D,300,D,,A,,A,,A,,A,,A,,A,,A,,A,,A,,A,,A
20233,05351422,15,0,2,620,D,1,D,05,D,10,D,,A,,A,,A,,A,,A,,A,,A,,A,,A,,A,,A
20233,05352022,9,0,1,200,D,1,D,07,D,1000,D,,A,,A,,A,,A,,A,,A,,A,,A,,A,,A,,A
20233,05352282,27,0,1,620,D,1,D,07,D,4,D,,A,,A,,A,,A,,A,,A,,A,,A,,A,,A,,A
20233,05352592,13,0,1,420,D,1,D,07,D,75,D,,A,,A,,A,,A,,A,,A,,A,,A,,A,,A,,A
20233,05353442,33,0,1,200,D,1,D,05,D,90,D,,A,,A,,A,,A,,A,,A,,A,,A,,A,,A,,A
20233,05353582,9,0,1,620,D,1,D,05,D,300,D,,A,,A,,A,,A,,A,,A,,A,,A,,A,,A,,A
20233,05353582,10,0,1,620,D,1,D,06,D,300,D,,A,,A,,A,,A,,A,,A,,A,,A,,A,,A,,A
20233,05353582,11,0,1,620,D,1,D,07,D,300,D,,A,,A,,A,,A,,A,,A,,A,,A,,A,,A,,A
20233,05355032,29,0,1,110,D,1,D,05,D,200,D,,A,,A,,A,,A,,A,,A,,A,,A,,A,,A,,A
20233,05355032,30,0,1,620,D,1,D,07,D,32,D,,A,,A,,A,,A,,A,,A,,A,,A,,A,,A,,A
20233,05355632,31,0,1,200,D,1,D,08,D,187,D,,A,,A,,A,,A,,A,,A,,A,,A,,A,,A,,A
20233,05355632,32,0,1,420,D,1,D,08,D,40,D,,A,,A,,A,,A,,A,,A,,A,,A,,A,,A,,A
20233,05356082,12,0,1,420,D,1,D,06,D,2096,T,,A,,A,,A,,A,,A,,A,,A,,A,,A,,A,,A
20233,05357682,23,0,1,200,D,1,D,07,D,400,D,,A,,A,,A,,A,,A,,A,,A,,A,,A,,A,,A
20233,05357802,26,0,2,410,D,1,D,06,D,215,D,,A,,A,,A,,A,,A,,A,,A,,A,,A,,A,1,D
20233,05360552,25,0,1,110,D,1,D,08,D,20,D,,A,,A,,A,,A,,A,,A,,A,,A,,A,,A,,A
20233,05360552,26,0,1,120,D,1,D,08,D,110,D,,A,,A,,A,,A,,A,,A,,A,,A,,A,,A,,A
20233,05360824,36,0,2,200,D,1,D,06,D,604,F,,A,,A,,A,,A,,A,,A,,A,,A,,A,,A,,A
20233,05361472,17,0,1,420,D,1,D,08,D,180,D,,A,,A,,A,,A,,A,,A,,A,,A,,A,,A,,A
20233,05361472,18,0,1,620,D,1,D,08,D,25,D,,A,,A,,A,,A,,A,,A,,A,,A,,A,,A,,A
20233,05363012,15,0,1,200,D,1,D,08,D,80,D,,A,,A,,A,,A,,A,,A,,A,,A,,A,,A,,A
20233,05363402,5,0,1,620,D,1,D,06,D,8,D,,A,,A,,A,,A,,A,,A,,A,,A,,A,,A,,A
20233,05364562,18,0,1,620,D,1,D,08,D,10,D,,A,,A,,A,,A,,A,,A,,A,,A,,A,,A,,A
20233,05415981,23,0,1,410,D,1,D,06,D,20,D,,A,,A,,A,,A,,A,,A,,A,,A,,A,,A,2,D
20233,05417601,26,0,1,420,D,1,D,04,D,30,D,,A,,A,,A,,A,,A,,A,,A,,A,,A,,A,,A
20233,05417601,27,0,1,420,D,1,D,05,D,30,D,,A,,A,,A,,A,,A,,A,,A,,A,,A,,A,,A
20233,05417601,28,0,1,420,D,1,D,06,D,30,D,,A,,A,,A,,A,,A,,A,,A,,A,,A,,A,,A
20233,05417601,29,0,1,620,D,1,D,04,D,10,D,,A,,A,,A,,A,,A,,A,,A,,A,,A,,A,,A
20233,05417601,30,0,1,620,D,1,D,05,D,10,D,,A,,A,,A,,A,,A,,A,,A,,A,,A,,A,,A
20233,05417601,31,0,1,620,D,1,D,06,D,10,D,,A,,A,,A,,A,,A,,A,,A,,A,,A,,A,,A
20233,05418361,15,0,1,200,D,1,D,04,D,1000,D,,A,,A,,A,,A,,A,,A,,A,,A,,A,,A,,A
20233,05418361,16,0,1,110,D,1,D,04,D,429,T,,A,,A,,A,,A,,A,,A,,A,,A,,A,,A,,A
20233,05421181,11,0,1,620,D,1,D,04,D,350,D,,A,,A,,A,,A,,A,,A,,A,,A,,A,,A,,A
20233,05421181,12,0,1,620,D,1,D,05,D,350,D,,A,,A,,A,,A,,A,,A,,A,,A,,A,,A,,A
20233,05421181,13,0,1,620,D,1,D,06,D,350,D,,A,,A,,A,,A,,A,,A,,A,,A,,A,,A,,A
20233,05421811,12,0,1,620,D,1,D,04,D,30,D,,A,,A,,A,,A,,A,,A,,A,,A,,A,,A,,A
20233,05421811,13,0,1,620,D,1,D,05,D,30,D,,A,,A,,A,,A,,A,,A,,A,,A,,A,,A,,A
20233,05421811,14,0,1,620,D,1,D,06,D,30,D,,A,,A,,A,,A,,A,,A,,A,,A,,A,,A,,A
20233,05423221,14,0,1,410,D,1,D,06,D,140,D,,A,,A,,A,,A,,A,,A,,A,,A,,A,,A,2,D
20233,05424031,38,0,1,420,D,1,D,07,D,450,D,,A,,A,,A,,A,,A,,A,,A,,A,,A,,A,,A
20233,05424941,11,0,1,200,D,1,D,07,D,1400,D,,A,,A,,A,,A,,A,,A,,A,,A,,A,,A,,A
20233,05425541,18,0,1,200,D,1,D,05,D,157,D,,A,,A,,A,,A,,A,,A,,A,,A,,A,,A,,A
20233,05425541,19,0,1,200,D,1,D,06,D,157,D,,A,,A,,A,,A,,A,,A,,A,,A,,A,,A,,A
20233,05425541,20,0,1,200,D,1,D,07,D,157,D,,A,,A,,A,,A,,A,,A,,A,,A,,A,,A,,A
20233,05426331,23,0,1,620,D,1,D,05,D,20,D,,A,,A,,A,,A,,A,,A,,A,,A,,A,,A,,A
20233,05427361,16,0,1,420,D,1,D,06,D,20,D,,A,,A,,A,,A,,A,,A,,A,,A,,A,,A,,A
20233,05428271,16,0,1,420,D,1,D,06,D,50,D,,A,,A,,A,,A,,A,,A,,A,,A,,A,,A,,A
20233,05429963,13,0,1,420,D,1,D,06,D,2096,T,,A,,A,,A,,A,,A,,A,,A,,A,,A,,A,,A
20233,05431211,19,0,1,410,D,1,D,06,D,98,D,,A,,A,,A,,A,,A,,A,,A,,A,,A,,A,2,D
20233,05432101,17,0,1,530,D,1,D,05,D,400,D,,A,,A,,A,,A,,A,,A,,A,,A,,A,,A,,A
20233,05434841,7,0,1,620,D,1,D,05,D,100,D,,A,,A,,A,,A,,A,,A,,A,,A,,A,,A,,A
20233,05436861,12,0,1,200,D,1,D,06,D,59,D,,A,,A,,A,,A,,A,,A,,A,,A,,A,,A,,A
20233,05436901,24,0,1,110,D,1,D,06,D,75,D,,A,,A,,A,,A,,A,,A,,A,,A,,A,,A,,A
20233,05438131,12,0,1,420,D,1,D,06,D,40,D,,A,,A,,A,,A,,A,,A,,A,,A,,A,,A,,A
20233,05438131,13,0,1,620,D,1,D,06,D,40,D,,A,,A,,A,,A,,A,,A,,A,,A,,A,,A,,A
20233,05438331,39,0,1,200,D,1,D,08,D,62,D,,A,,A,,A,,A,,A,,A,,A,,A,,A,,A,,A
20233,05439391,22,0,1,200,D,1,D,06,D,200,D,,A,,A,,A,,A,,A,,A,,A,,A,,A,,A,,A
20233,05440811,18,0,1,110,D,1,D,06,D,250,D,,A,,A,,A,,A,,A,,A,,A,,A,,A,,A,,A
20233,05442991,21,0,1,410,D,1,D,06,D,360,D,,A,,A,,A,,A,,A,,A,,A,,A,,A,,A,1,D
20233,05443491,10,0,1,620,D,1,D,06,D,86,D,,A,,A,,A,,A,,A,,A,,A,,A,,A,,A,,A
20233,05443491,11,0,1,620,D,1,D,07,D,86,D,,A,,A,,A,,A,,A,,A,,A,,A,,A,,A,,A
20233,05443491,12,0,1,620,D,1,D,08,D,86,D,,A,,A,,A,,A,,A,,A,,A,,A,,A,,A,,A
20233,05444391,9,0,1,110,D,1,D,08,D,35,D,,A,,A,,A,,A,,A,,A,,A,,A,,A,,A,,A
20234,05251854,22,0,1,655,D,1,D,08,D,404,T,,A,,A,,A,,A,,A,,A,,A,,A,,A,2,D,,A
20234,05251984,40,0,1,200,D,1,D,07,D,2050,T,,A,,A,,A,,A,,A,,A,,A,,A,,A,,A,,A
20234,05252254,9,0,1,620,D,1,D,09,D,10,D,,A,,A,,A,,A,,A,,A,,A,,A,,A,,A,,A
20234,05252824,32,0,1,200,D,1,D,09,D,600,D,,A,,A,,A,,A,,A,,A,,A,,A,,A,,A,,A
20234,05253324,15,0,1,620,D,1,D,08,D,40,D,,A,,A,,A,,A,,A,,A,,A,,A,,A,,A,,A
20234,05254374,20,0,1,200,D,1,D,07,D,176,D,,A,,A,,A,,A,,A,,A,,A,,A,,A,,A,,A
20234,05254414,12,0,1,620,D,1,D,09,D,50,D,,A,,A,,A,,A,,A,,A,,A,,A,,A,,A,,A
20234,05256084,17,0,1,110,D,1,D,09,D,31,D,,A,,A,,A,,A,,A,,A,,A,,A,,A,,A,,A
20234,05258224,11,0,2,200,D,1,D,07,D,218,D,,A,,A,,A,,A,,A,,A,,A,,A,,A,,A,,A
20234,05260794,20,0,1,330,D,1,D,07,D,15,D,,A,,A,,A,,A,,A,,A,,A,,A,,A,,A,,A
20234,05260794,21,0,1,330,D,1,D,08,D,15,D,,A,,A,,A,,A,,A,,A,,A,,A,,A,,A,,A
20234,05260794,22,0,1,330,D,1,D,09,D,15,D,,A,,A,,A,,A,,A,,A,,A,,A,,A,,A,,A
20234,05263344,24,0,2,655,D,1,D,07,D,228,F,,A,,A,,A,,A,,A,,A,,A,,A,,A,2,D,,A
20234,05267864,22,0,1,530,D,1,D,10,D,409,D,,A,,A,,A,,A,,A,,A,,A,,A,,A,,A,,A
20234,05269794,9,0,2,330,D,1,D,08,D,817,T,,A,,A,,A,,A,,A,,A,,A,,A,,A,,A,,A
20234,05269794,10,0,2,900,D,1,D,08,D,,H,900,D,620,D,,A,,A,,A,,A,,A,,A,,A,,A,,A
20234,05269794,10,1,2,330,D,1,D,08,D,26,E,,A,,A,,A,,A,,A,,A,,A,,A,,A,,A,,A
20234,05269794,10,2,2,420,D,1,D,08,D,44,E,,A,,A,,A,,A,,A,,A,,A,,A,,A,,A,,A
20234,05269794,10,3,2,620,D,1,D,08,D,30,E,,A,,A,,A,,A,,A,,A,,A,,A,,A,,A,,A
20234,05269974,18,0,1,530,D,1,D,08,D,80,D,,A,,A,,A,,A,,A,,A,,A,,A,,A,,A,,A
20234,05269974,19,0,1,530,D,1,D,09,D,80,D,,A,,A,,A,,A,,A,,A,,A,,A,,A,,A,,A
20234,05269974,20,0,1,530,D,1,D,10,D,80,D,,A,,A,,A,,A,,A,,A,,A,,A,,A,,A,,A
20234,05270094,11,0,2,420,D,1,D,08,D,850,T,,A,,A,,A,,A,,A,,A,,A,,A,,A,,A,,A
20234,05277324,14,0,1,420,D,1,D,10,D,850,T,,A,,A,,A,,A,,A,,A,,A,,A,,A,,A,,A
20234,05277324,15,0,1,420,D,1,D,11,D,850,T,,A,,A,,A,,A,,A,,A,,A,,A,,A,,A,,A
20234,05277834,17,0,1,420,D,1,D,11,D,63,D,,A,,A,,A,,A,,A,,A,,A,,A,,A,,A,,A
20234,05277834,18,0,1,510,D,1,D,11,D,672,T,,A,,A,,A,,A,,A,,A,,A,,A,,A,,A,,A
20234,05277834,19,0,1,620,D,1,D,11,D,4,D,,A,,A,,A,,A,,A,,A,,A,,A,,A,,A,,A
20234,05277894,48,0,1,510,D,1,D,10,D,672,T,,A,,A,,A,,A,,A,,A,,A,,A,,A,,A,,A
20234,05278394,12,0,1,620,D,1,D,11,D,20,D,,A,,A,,A,,A,,A,,A,,A,,A,,A,,A,,A
20234,05283014,11,0,1,620,D,1,D,09,D,9,D,,A,,A,,A,,A,,A,,A,,A,,A,,A,,A,,A
20234,05284514,20,0,1,330,D,2,D,10,D,42,D,,A,,A,,A,,A,,A,,A,,A,,A,,A,,A,,A
20234,05284514,21,0,1,420,D,2,D,10,D,26,D,,A,,A,,A,,A,,A,,A,,A,,A,,A,,A,,A
20234,05284554,25,0,1,420,D,1,D,09,D,50,D,,A,,A,,A,,A,,A,,A,,A,,A,,A,,A,,A
20234,05284554,26,0,1,420,D,1,D,10,D,50,D,,A,,A,,A,,A,,A,,A,,A,,A,,A,,A,,A
20234,05284554,27,0,1,420,D,1,D,11,D,50,D,,A,,A,,A,,A,,A,,A,,A,,A,,A,,A,,A
20234,05284784,13,0,2,620,D,1,D,09,D,90,D,,A,,A,,A,,A,,A,,A,,A,,A,,A,,A,,A
20234,05284994,19,0,1,120,D,1,D,10,D,110,D,,A,,A,,A,,A,,A,,A,,A,,A,,A,,A,,A
20234,05285844,19,0,1,620,D,1,D,09,D,48,D,,A,,A,,A,,A,,A,,A,,A,,A,,A,,A,,A
20234,05285844,20,0,1,620,D,1,D,10,D,49,D,,A,,A,,A,,A,,A,,A,,A,,A,,A,,A,,A
20234,05285844,21,0,1,620,D,1,D,11,D,49,D,,A,,A,,A,,A,,A,,A,,A,,A,,A,,A,,A
20234,05286293,12,0,2,110,D,1,D,07,D,7,D,,A,,A,,A,,A,,A,,A,,A,,A,,A,,A,,A
20234,05287093,9,0,1,200,D,1,D,07,D,100,D,,A,,A,,A,,A,,A,,A,,A,,A,,A,,A,,A
20234,05287093,10,0,1,200,D,1,D,08,D,100,D,,A,,A,,A,,A,,A,,A,,A,,A,,A,,A,,A
20234,05287093,11,0,1,200,D,1,D,09,D,100,D,,A,,A,,A,,A,,A,,A,,A,,A,,A,,A,,A
20234,05288703,28,0,1,520,D,1,D,07,D,25946,T,,A,,A,,A,,A,,A,,A,,A,,A,,A,,A,,A
20234,05288703,29,0,1,520,D,1,D,08,D,8602,D,,A,,A,,A,,A,,A,,A,,A,,A,,A,,A,,A
20234,05288703,30,0,1,520,D,1,D,09,D,25946,T,,A,,A,,A,,A,,A,,A,,A,,A,,A,,A,,A
20234,05289333,8,0,1,110,D,1,D,09,D,194,F,,A,,A,,A,,A,,A,,A,,A,,A,,A,,A,,A
20234,05290053,7,0,1,200,D,1,D,09,D,75,D,,A,,A,,A,,A,,A,,A,,A,,A,,A,,A,,A
20234,05290513,21,0,1,530,D,1,D,07,D,635,D,,A,,A,,A,,A,,A,,A,,A,,A,,A,,A,,A
20234,05291713,21,0,1,420,D,1,D,09,D,50,D,,A,,A,,A,,A,,A,,A,,A,,A,,A,,A,,A
20234,05293423,15,0,1,200,D,1,D,09,D,450,D,,A,,A,,A,,A,,A,,A,,A,,A,,A,,A,,A
20234,05294843,15,0,1,200,D,1,D,08,D,160,D,,A,,A,,A,,A,,A,,A,,A,,A,,A,,A,,A
20234,05295533,17,0,1,655,D,1,D,08,D,130,D,,A,,A,,A,,A,,A,,A,,A,,A,,A,1,D,,A
20234,05296063,12,0,1,120,D,1,D,09,D,100,D,,A,,A,,A,,A,,A,,A,,A,,A,,A,,A,,A
20234,05347463,27,0,2,120,D,1,D,08,D,4000,D,,A,,A,,A,,A,,A,,A,,A,,A,,A,,A,,A
20234,05348013,22,0,1,200,D,1,D,08,D,237,D,,A,,A,,A,,A,,A,,A,,A,,A,,A,,A,,A
20234,05348453,18,0,1,330,D,1,D,10,D,24,D,,A,,A,,A,,A,,A,,A,,A,,A,,A,,A,,A
20234,05350333,9,0,1,120,D,1,D,09,D,400,D,,A,,A,,A,,A,,A,,A,,A,,A,,A,,A,,A
20234,05351033,6,0,1,620,D,1,D,10,D,60,D,,A,,A,,A,,A,,A,,A,,A,,A,,A,,A,,A
20234,05355033,26,0,1,620,D,1,D,10,D,32,D,,A,,A,,A,,A,,A,,A,,A,,A,,A,,A,,A
20234,05356933,19,0,1,330,D,1,D,10,D,817,T,,A,,A,,A,,A,,A,,A,,A,,A,,A,,A,,A
20234,05357403,13,0,1,120,D,1,D,11,D,200,D,,A,,A,,A,,A,,A,,A,,A,,A,,A,,A,,A
20234,05359463,14,0,2,420,D,1,D,09,D,250,D,,A,,A,,A,,A,,A,,A,,A,,A,,A,,A,,A
20234,05359533,18,0,1,410,D,1,D,09,D,210,F,,A,,A,,A,,A,,A,,A,,A,,A,,A,,A,,A
20234,05359533,19,0,1,520,D,1,D,10,D,25946,V,,A,,A,,A,,A,,A,,A,,A,,A,,A,,A,,A
20234,05359533,20,0,1,520,D,1,D,11,D,25946,V,,A,,A,,A,,A,,A,,A,,A,,A,,A,,A,,A
20234,05361473,22,0,1,900,D,1,D,09,D,,H,420,D,620,D,330,D,,A,,A,,A,,A,,A,,A,,A,,A
20234,05361473,22,1,1,420,D,1,D,09,D,24,E,,A,,A,,A,,A,,A,,A,,A,,A,,A,,A,,A
20234,05361473,22,2,1,620,D,1,D,09,D,14,E,,A,,A,,A,,A,,A,,A,,A,,A,,A,,A,,A
20234,05361473,22,3,1,330,D,1,D,09,D,13,E,,A,,A,,A,,A,,A,,A,,A,,A,,A,,A,,A
20234,05361473,23,0,1,900,D,1,D,10,D,,H,420,D,620,D,330,D,,A,,A,,A,,A,,A,,A,,A,,A
20234,05361473,23,1,1,420,D,1,D,10,D,24,E,,A,,A,,A,,A,,A,,A,,A,,A,,A,,A,,A
20234,05361473,23,2,1,620,D,1,D,10,D,14,E,,A,,A,,A,,A,,A,,A,,A,,A,,A,,A,,A
20234,05361473,23,3,1,330,D,1,D,10,D,13,E,,A,,A,,A,,A,,A,,A,,A,,A,,A,,A,,A
20234,05361473,24,0,1,900,D,1,D,11,D,,H,420,D,620,D,330,D,,A,,A,,A,,A,,A,,A,,A,,A
20234,05361473,24,1,1,420,D,1,D,11,D,22,E,,A,,A,,A,,A,,A,,A,,A,,A,,A,,A,,A
20234,05361473,24,2,1,620,D,1,D,11,D,14,E,,A,,A,,A,,A,,A,,A,,A,,A,,A,,A,,A
20234,05361473,24,3,1,330,D,1,D,11,D,15,E,,A,,A,,A,,A,,A,,A,,A,,A,,A,,A,,A
20234,05361473,25,0,2,420,D,1,D,09,D,45,D,,A,,A,,A,,A,,A,,A,,A,,A,,A,,A,,A
20234,05361473,26,0,2,620,D,1,D,09,D,25,D,,A,,A,,A,,A,,A,,A,,A,,A,,A,,A,,A
20234,05362083,14,0,2,620,D,1,D,09,D,30,D,,A,,A,,A,,A,,A,,A,,A,,A,,A,,A,,A
20234,05363403,6,0,1,620,D,1,D,09,D,8,D,,A,,A,,A,,A,,A,,A,,A,,A,,A,,A,,A
20234,05363403,7,0,1,620,D,1,D,10,D,8,D,,A,,A,,A,,A,,A,,A,,A,,A,,A,,A,,A
20234,05363403,8,0,1,620,D,1,D,11,D,8,D,,A,,A,,A,,A,,A,,A,,A,,A,,A,,A,,A
20234,05364223,8,0,1,620,D,1,D,10,D,12,D,,A,,A,,A,,A,,A,,A,,A,,A,,A,,A,,A
20234,05364563,19,0,1,620,D,1,D,11,D,10,D,,A,,A,,A,,A,,A,,A,,A,,A,,A,,A,,A
20234,05365403,31,0,1,410,D,1,D,09,D,12,D,,A,,A,,A,,A,,A,,A,,A,,A,,A,,A,2,D
20234,05365403,32,0,1,410,D,1,D,10,D,12,D,,A,,A,,A,,A,,A,,A,,A,,A,,A,,A,2,D
20234,05365403,33,0,1,410,D,1,D,11,D,28,D,,A,,A,,A,,A,,A,,A,,A,,A,,A,,A,2,D
20234,05365413,24,0,1,200,D,1,D,10,D,102,D,,A,,A,,A,,A,,A,,A,,A,,A,,A,,A,,A
20234,05366093,22,0,1,120,D,1,D,10,D,175,D,,A,,A,,A,,A,,A,,A,,A,,A,,A,,A,,A
20234,05366093,23,0,1,420,D,1,D,10,D,40,D,,A,,A,,A,,A,,A,,A,,A,,A,,A,,A,,A
20234,05366093,24,0,1,620,D,1,D,10,D,45,D,,A,,A,,A,,A,,A,,A,,A,,A,,A,,A,,A
20234,05411702,9,0,1,200,D,1,D,09,D,140,D,,A,,A,,A,,A,,A,,A,,A,,A,,A,,A,,A
20234,05414912,10,0,1,200,D,1,D,08,D,100,D,,A,,A,,A,,A,,A,,A,,A,,A,,A,,A,,A
20234,05416422,12,0,1,510,D,2,D,07,D,672,T,,A,,A,,A,,A,,A,,A,,A,,A,,A,,A,,A
20234,05416422,13,0,1,620,D,1,D,07,D,100,D,,A,,A,,A,,A,,A,,A,,A,,A,,A,,A,,A
20234,05418222,8,0,1,620,D,1,D,07,D,10,D,,A,,A,,A,,A,,A,,A,,A,,A,,A,,A,,A
20234,05419762,17,0,1,410,D,1,D,09,D,205,D,,A,,A,,A,,A,,A,,A,,A,,A,,A,,A,2,D
20234,05420084,20,0,1,655,D,1,D,08,D,45,D,,A,,A,,A,,A,,A,,A,,A,,A,,A,1,D,,A
20234,05420712,14,0,1,200,D,1,D,08,D,200,D,,A,,A,,A,,A,,A,,A,,A,,A,,A,,A,,A
20234,05421462,17,0,1,410,D,1,D,09,D,1027,T,,A,,A,,A,,A,,A,,A,,A,,A,,A,,A,2,D
20234,05421722,27,0,1,410,D,1,D,08,D,178,D,,A,,A,,A,,A,,A,,A,,A,,A,,A,,A,2,D
20234,05421812,19,0,2,620,D,1,D,07,D,30,D,,A,,A,,A,,A,,A,,A,,A,,A,,A,,A,,A
20234,05422722,18,0,1,120,D,1,D,08,D,100,D,,A,,A,,A,,A,,A,,A,,A,,A,,A,,A,,A
20234,05423122,14,0,1,635,D,1,D,09,D,,T,,A,,A,,A,,A,,A,,A,,A,,A,,A,2,D,,A
20234,05424772,28,0,1,200,D,1,D,08,D,104,D,,A,,A,,A,,A,,A,,A,,A,,A,,A,,A,,A
20234,05424772,29,0,1,620,D,1,D,10,D,5,D,,A,,A,,A,,A,,A,,A,,A,,A,,A,,A,,A
20234,05425542,16,0,1,200,D,1,D,09,D,157,D,,A,,A,,A,,A,,A,,A,,A,,A,,A,,A,,A
20234,05425542,17,0,1,200,D,1,D,10,D,157,D,,A,,A,,A,,A,,A,,A,,A,,A,,A,,A,,A
20234,05425542,18,0,2,200,D,1,D,08,D,157,D,,A,,A,,A,,A,,A,,A,,A,,A,,A,,A,,A
20234,05426482,14,0,1,110,D,1,D,09,D,698,T,,A,,A,,A,,A,,A,,A,,A,,A,,A,,A,,A
20234,05426672,20,0,1,200,D,1,D,10,D,60,D,,A,,A,,A,,A,,A,,A,,A,,A,,A,,A,,A
20234,05428012,14,0,1,200,D,1,D,10,D,50,D,,A,,A,,A,,A,,A,,A,,A,,A,,A,,A,,A
20234,05428162,16,0,1,120,D,1,D,10,D,210,D,,A,,A,,A,,A,,A,,A,,A,,A,,A,,A,,A
20234,05428692,23,0,1,110,D,1,D,09,D,95,D,,A,,A,,A,,A,,A,,A,,A,,A,,A,,A,,A
20234,05428692,24,0,1,200,D,1,D,10,D,45,D,,A,,A,,A,,A,,A,,A,,A,,A,,A,,A,,A
20234,05428692,25,0,1,620,D,1,D,08,D,20,D,,A,,A,,A,,A,,A,,A,,A,,A,,A,,A,,A
20234,05428972,22,0,2,200,D,1,D,08,D,139,D,,A,,A,,A,,A,,A,,A,,A,,A,,A,,A,,A
20234,05430062,11,0,1,110,D,1,D,10,D,180,D,,A,,A,,A,,A,,A,,A,,A,,A,,A,,A,,A
20234,05430332,12,0,1,420,D,1,D,10,D,30,D,,A,,A,,A,,A,,A,,A,,A,,A,,A,,A,,A
20234,05433162,18,0,1,420,D,1,D,09,D,15,D,,A,,A,,A,,A,,A,,A,,A,,A,,A,,A,,A
20234,05433182,17,0,1,900,D,1,D,09,D,,H,900,D,200,D,,A,,A,,A,,A,,A,,A,,A,,A,,A
20234,05433182,17,1,1,200,D,1,D,09,D,33,E,,A,,A,,A,,A,,A,,A,,A,,A,,A,,A,,A
20234,05433182,17,2,1,410,D,1,D,09,D,3,E,,A,,A,,A,,A,,A,,A,,A,,A,,A,,A,,A
20234,05433182,17,3,1,620,D,1,D,09,D,64,E,,A,,A,,A,,A,,A,,A,,A,,A,,A,,A,,A
20234,05433232,7,0,1,130,D,1,D,10,D,,H,120,D,110,D,,A,,A,,A,,A,,A,,A,,A,,A,,A
20234,05433232,7,1,1,120,D,1,D,10,D,252,E,,A,,A,,A,,A,,A,,A,,A,,A,,A,,A,,A
20234,05433232,7,2,1,110,D,1,D,10,D,168,E,,A,,A,,A,,A,,A,,A,,A,,A,,A,,A,,A
20234,05433542,16,0,2,620,D,1,D,08,D,10,D,,A,,A,,A,,A,,A,,A,,A,,A,,A,,A,,A
20234,05434172,9,0,1,130,D,1,D,10,D,,H,120,D,110,D,,A,,A,,A,,A,,A,,A,,A,,A,,A
20234,05434172,9,1,1,120,D,1,D,10,D,240,E,,A,,A,,A,,A,,A,,A,,A,,A,,A,,A,,A
20234,05434172,9,2,1,110,D,1,D,10,D,37,E,,A,,A,,A,,A,,A,,A,,A,,A,,A,,A,,A
20234,05436522,14,0,1,620,D,1,D,09,D,450,D,,A,,A,,A,,A,,A,,A,,A,,A,,A,,A,,A
20234,05436522,15,0,1,620,D,1,D,10,D,450,D,,A,,A,,A,,A,,A,,A,,A,,A,,A,,A,,A
20234,05436522,16,0,1,620,D,1,D,11,D,450,D,,A,,A,,A,,A,,A,,A,,A,,A,,A,,A,,A
20234,05438442,25,0,1,410,D,1,D,11,D,212,D,,A,,A,,A,,A,,A,,A,,A,,A,,A,,A,2,D
20234,05438442,26,0,2,410,D,1,D,09,D,424,D,,A,,A,,A,,A,,A,,A,,A,,A,,A,,A,1,D
20234,05439042,20,0,1,200,D,1,D,10,D,430,D,,A,,A,,A,,A,,A,,A,,A,,A,,A,,A,,A
20234,05439392,17,0,2,420,D,1,D,09,D,60,D,,A,,A,,A,,A,,A,,A,,A,,A,,A,,A,,A
20234,05439392,18,0,2,620,D,1,D,09,D,2,D,,A,,A,,A,,A,,A,,A,,A,,A,,A,,A,,A
20234,05439472,23,0,1,120,D,1,D,10,D,570,D,,A,,A,,A,,A,,A,,A,,A,,A,,A,,A,,A
20234,05440362,29,0,2,120,D,1,D,09,D,36,D,,A,,A,,A,,A,,A,,A,,A,,A,,A,,A,,A
20234,05442612,15,0,1,420,D,1,D,11,D,25,D,,A,,A,,A,,A,,A,,A,,A,,A,,A,,A,,A
20234,05443302,10,0,1,420,D,1,D,11,D,400,D,,A,,A,,A,,A,,A,,A,,A,,A,,A,,A,,A
20234,05541981,13,0,1,620,D,1,D,09,D,4,D,,A,,A,,A,,A,,A,,A,,A,,A,,A,,A,,A
20234,05543801,10,0,1,200,D,1,D,07,D,360,D,,A,,A,,A,,A,,A,,A,,A,,A,,A,,A,,A
20234,05544681,16,0,1,420,D,1,D,09,D,10,D,,A,,A,,A,,A,,A,,A,,A,,A,,A,,A,,A
20234,05545361,6,0,1,200,D,1,D,09,D,33,D,,A,,A,,A,,A,,A,,A,,A,,A,,A,,A,,A
20234,05546201,18,0,1,200,D,1,D,09,D,2050,T,,A,,A,,A,,A,,A,,A,,A,,A,,A,,A,,A
20234,05547171,6,0,1,620,D,1,D,07,D,25,D,,A,,A,,A,,A,,A,,A,,A,,A,,A,,A,,A
20234,05547171,7,0,1,620,D,1,D,08,D,25,D,,A,,A,,A,,A,,A,,A,,A,,A,,A,,A,,A
20234,05547171,8,0,1,620,D,1,D,09,D,25,D,,A,,A,,A,,A,,A,,A,,A,,A,,A,,A,,A
20234,05548551,12,0,1,410,D,1,D,08,D,80,D,,A,,A,,A,,A,,A,,A,,A,,A,,A,,A,2,D
20234,05551831,15,0,1,410,D,1,D,08,D,250,D,,A,,A,,A,,A,,A,,A,,A,,A,,A,,A,1,D
20234,05552091,10,0,1,610,D,1,D,08,D,300,D,,A,,A,,A,,A,,A,,A,,A,,A,,A,,A,,A
20234,05553321,14,0,1,420,D,1,D,09,D,20,D,,A,,A,,A,,A,,A,,A,,A,,A,,A,,A,,A
20234,05554881,25,0,1,420,D,1,D,10,D,10,D,,A,,A,,A,,A,,A,,A,,A,,A,,A,,A,,A
20234,05557871,35,0,1,620,D,1,D,10,D,52,D,,A,,A,,A,,A,,A,,A,,A,,A,,A,,A,,A
20234,05558004,10,0,1,410,D,1,D,10,D,150,D,,A,,A,,A,,A,,A,,A,,A,,A,,A,,A,1,D
20234,05558311,17,0,1,510,D,1,D,10,D,672,T,,A,,A,,A,,A,,A,,A,,A,,A,,A,,A,,A
20234,05558721,11,0,1,900,D,1,D,09,D,,H,900,D,510,D,,A,,A,,A,,A,,A,,A,,A,,A,,A
20234,05558721,11,1,1,200,D,1,D,09,D,267,E,,A,,A,,A,,A,,A,,A,,A,,A,,A,,A,,A
20234,05558721,11,2,1,410,D,1,D,09,D,13,E,,A,,A,,A,,A,,A,,A,,A,,A,,A,,A,,A
20234,05558721,11,3,1,420,D,1,D,09,D,33,E,,A,,A,,A,,A,,A,,A,,A,,A,,A,,A,,A
20234,05558721,11,4,1,530,D,1,D,09,D,1742,U,,A,,A,,A,,A,,A,,A,,A,,A,,A,,A,,A
20234,05558721,11,5,1,620,D,1,D,09,D,507,E,,A,,A,,A,,A,,A,,A,,A,,A,,A,,A,,A
20234,05558721,11,6,1,655,D,1,D,09,D,53,E,,A,,A,,A,,A,,A,,A,,A,,A,,A,1,D,,A
20234,05558721,12,0,1,530,D,1,D,10,D,1742,T,,A,,A,,A,,A,,A,,A,,A,,A,,A,,A,,A
20234,05560891,16,0,1,110,D,1,D,09,D,100,D,,A,,A,,A,,A,,A,,A,,A,,A,,A,,A,,A
20234,05560994,24,0,1,330,D,1,D,09,D,60,D,,A,,A,,A,,A,,A,,A,,A,,A,,A,,A,,A
20234,05564221,10,0,1,120,D,1,D,11,D,150,D,,A,,A,,A,,A,,A,,A,,A,,A,,A,,A,,A
20234,05566061,7,0,1,420,D,1,D,11,D,173,D,,A,,A,,A,,A,,A,,A,,A,,A,,A,,A,,A
20234,05567401,7,0,1,200,D,1,D,09,D,1500,D,,A,,A,,A,,A,,A,,A,,A,,A,,A,,A,,A
20234,05567401,8,0,1,200,D,1,D,10,D,500,D,,A,,A,,A,,A,,A,,A,,A,,A,,A,,A,,A
20234,05567671,13,0,1,510,D,1,D,11,D,672,V,,A,,A,,A,,A,,A,,A,,A,,A,,A,,A,,A
20234,05570681,18,0,1,420,D,1,D,11,D,36,D,,A,,A,,A,,A,,A,,A,,A,,A,,A,,A,,A
20234,05570681,19,0,1,420,D,1,D,10,D,36,D,,A,,A,,A,,A,,A,,A,,A,,A,,A,,A,,A
20234,05571041,8,0,1,200,D,1,D,11,D,100,D,,A,,A,,A,,A,,A,,A,,A,,A,,A,,A,,A
20234,05572531,16,0,1,620,D,2,D,09,D,10,D,,A,,A,,A,,A,,A,,A,,A,,A,,A,,A,,A
20234,05572841,17,0,1,420,D,1,D,09,D,173,F,,A,,A,,A,,A,,A,,A,,A,,A,,A,,A,,A
20234,05572841,18,0,1,420,D,1,D,10,D,173,F,,A,,A,,A,,A,,A,,A,,A,,A,,A,,A,,A
20234,05572841,19,0,1,420,D,1,D,11,D,173,F,,A,,A,,A,,A,,A,,A,,A,,A,,A,,A,,A
20241,05286334,17,0,1,420,D,1,D,12,D,30,D,,A,,A,,A,,A,,A,,A,,A,,A,,A,,A,,A
20241,05287094,19,0,2,200,D,1,D,10,D,130,D,,A,,A,,A,,A,,A,,A,,A,,A,,A,,A,,A
20241,05290094,12,0,2,900,D,1,D,10,D,,H,900,D,620,D,,A,,A,,A,,A,,A,,A,,A,,A,,A
20241,05290094,12,1,2,410,D,1,D,10,D,17,E,,A,,A,,A,,A,,A,,A,,A,,A,,A,,A,,A
20241,05290094,12,2,2,620,D,1,D,10,D,3,E,,A,,A,,A,,A,,A,,A,,A,,A,,A,,A,,A
20241,05290534,29,0,1,510,D,1,D,12,D,672,T,,A,,A,,A,,A,,A,,A,,A,,A,,A,,A,,A
20241,05290534,30,0,1,510,D,1,D,12,D,10,D,,A,,A,,A,,A,,A,,A,,A,,A,,A,,A,,A
20241,05290534,31,0,1,620,D,1,D,12,D,20,D,,A,,A,,A,,A,,A,,A,,A,,A,,A,,A,,A
20241,05290624,11,0,2,900,D,1,D,10,D,,H,900,D,620,D,,A,,A,,A,,A,,A,,A,,A,,A,,A
20241,05290624,11,1,2,620,D,1,D,10,D,12,E,,A,,A,,A,,A,,A,,A,,A,,A,,A,,A,,A
20241,05291424,18,0,1,110,D,1,D,12,D,698,V,,A,,A,,A,,A,,A,,A,,A,,A,,A,,A,,A
20241,05292144,10,0,1,200,D,1,D,12,D,175,D,,A,,A,,A,,A,,A,,A,,A,,A,,A,,A,,A
20241,05295034,10,0,1,410,D,1,D,12,D,20,D,,A,,A,,A,,A,,A,,A,,A,,A,,A,,A,1,D
20241,05344904,25,0,2,420,D,1,D,11,D,10,D,,A,,A,,A,,A,,A,,A,,A,,A,,A,,A,,A
20241,05346864,16,0,1,620,D,1,D,01,D,40,D,,A,,A,,A,,A,,A,,A,,A,,A,,A,,A,,A
20241,05349124,14,0,1,620,D,1,D,12,D,125,D,,A,,A,,A,,A,,A,,A,,A,,A,,A,,A,,A
20241,05349364,12,0,1,620,D,1,D,01,D,18,D,,A,,A,,A,,A,,A,,A,,A,,A,,A,,A,,A
20241,05349714,27,0,2,510,D,1,D,11,D,672,T,,A,,A,,A,,A,,A,,A,,A,,A,,A,,A,,A
20241,05349884,29,0,1,110,D,1,D,01,D,30,D,,A,,A,,A,,A,,A,,A,,A,,A,,A,,A,,A
20241,05349884,30,0,1,110,D,1,D,01,D,150,D,,A,,A,,A,,A,,A,,A,,A,,A,,A,,A,,A
20241,05349884,31,0,1,110,D,1,D,01,D,150,D,,A,,A,,A,,A,,A,,A,,A,,A,,A,,A,,A
20241,05353324,17,0,1,120,D,1,D,01,D,750,D,,A,,A,,A,,A,,A,,A,,A,,A,,A,,A,,A
20241,05353444,16,0,1,200,D,1,D,01,D,150,D,,A,,A,,A,,A,,A,,A,,A,,A,,A,,A,,A
20241,05353724,22,0,1,200,D,1,D,12,D,600,D,,A,,A,,A,,A,,A,,A,,A,,A,,A,,A,,A
20241,05353734,19,0,1,110,D,1,D,01,D,698,T,,A,,A,,A,,A,,A,,A,,A,,A,,A,,A,,A
20241,05354974,18,0,1,420,D,1,D,01,D,401,D,,A,,A,,A,,A,,A,,A,,A,,A,,A,,A,,A
20241,05355134,13,0,1,410,D,1,D,01,D,140,D,,A,,A,,A,,A,,A,,A,,A,,A,,A,,A,1,D
20241,05357844,14,0,2,620,D,1,D,12,D,10,D,,A,,A,,A,,A,,A,,A,,A,,A,,A,,A,,A
20241,05359524,16,0,1,200,D,1,D,01,D,700,D,,A,,A,,A,,A,,A,,A,,A,,A,,A,,A,,A
20241,05360584,13,0,1,530,D,1,D,02,D,200,D,,A,,A,,A,,A,,A,,A,,A,,A,,A,,A,,A
20241,05360604,15,0,1,410,D,1,D,01,D,1027,T,,A,,A,,A,,A,,A,,A,,A,,A,,A,,A,2,D
20241,05361474,17,0,1,420,D,1,D,12,D,150,D,,A,,A,,A,,A,,A,,A,,A,,A,,A,,A,,A
20241,05363404,8,0,1,620,D,1,D,01,D,8,D,,A,,A,,A,,A,,A,,A,,A,,A,,A,,A,,A
20241,05363404,9,0,1,620,D,1,D,02,D,8,D,,A,,A,,A,,A,,A,,A,,A,,A,,A,,A,,A
20241,05363404,10,0,1,620,D,1,D,12,D,8,D,,A,,A,,A,,A,,A,,A,,A,,A,,A,,A,,A
20241,05364604,27,0,1,120,D,1,D,02,D,150,D,,A,,A,,A,,A,,A,,A,,A,,A,,A,,A,,A
20241,05366044,26,0,1,330,D,1,D,12,D,817,T,,A,,A,,A,,A,,A,,A,,A,,A,,A,,A,,A
20241,05366744,28,0,1,410,D,1,D,02,D,416,D,,A,,A,,A,,A,,A,,A,,A,,A,,A,,A,2,D
20241,05412533,13,0,2,200,D,1,D,10,D,133,D,,A,,A,,A,,A,,A,,A,,A,,A,,A,,A,,A
20241,05412533,14,0,2,620,D,1,D,10,D,200,D,,A,,A,,A,,A,,A,,A,,A,,A,,A,,A,,A
20241,05417663,30,0,1,410,D,1,D,11,D,122,D,,A,,A,,A,,A,,A,,A,,A,,A,,A,,A,1,D
20241,05418143,7,0,1,200,D,1,D,12,D,175,D,,A,,A,,A,,A,,A,,A,,A,,A,,A,,A,,A
20241,05420203,14,0,1,900,D,1,D,12,D,,H,900,D,410,D,,A,,A,,A,,A,,A,,A,,A,,A,2,D
20241,05420203,14,1,1,410,D,1,D,12,D,6,E,,A,,A,,A,,A,,A,,A,,A,,A,,A,,A,2,D
20241,05420203,14,2,1,620,D,1,D,12,D,19,E,,A,,A,,A,,A,,A,,A,,A,,A,,A,,A,2,D
20241,05422723,18,0,1,120,D,1,D,12,D,100,D,,A,,A,,A,,A,,A,,A,,A,,A,,A,,A,,A
20241,05422813,13,0,1,900,D,1,D,11,D,,H,900,D,200,D,,A,,A,,A,,A,,A,,A,,A,,A,,A
20241,05422813,13,1,1,200,D,1,D,11,D,97,E,,A,,A,,A,,A,,A,,A,,A,,A,,A,,A,,A
20241,05422813,13,2,1,410,D,1,D,11,D,227,E,,A,,A,,A,,A,,A,,A,,A,,A,,A,,A,,A
20241,05422813,13,3,1,510,D,1,D,11,D,672,U,,A,,A,,A,,A,,A,,A,,A,,A,,A,,A,,A
20241,05423633,15,0,1,200,D,1,D,01,D,160,D,,A,,A,,A,,A,,A,,A,,A,,A,,A,,A,,A
20241,05423793,19,0,2,110,D,1,D,11,D,50,D,,A,,A,,A,,A,,A,,A,,A,,A,,A,,A,,A
20241,05423863,25,0,1,420,D,1,D,12,D,60,D,,A,,A,,A,,A,,A,,A,,A,,A,,A,,A,,A
20241,05424033,42,0,1,200,D,1,D,12,D,109,D,,A,,A,,A,,A,,A,,A,,A,,A,,A,,A,,A
20241,05424323,32,0,1,655,D,1,D,12,D,404,T,,A,,A,,A,,A,,A,,A,,A,,A,,A,1,D,,A
20241,05424323,33,0,1,655,D,1,D,01,D,125,D,,A,,A,,A,,A,,A,,A,,A,,A,,A,1,D,,A
20241,05424953,16,0,2,510,D,1,D,11,D,672,T,,A,,A,,A,,A,,A,,A,,A,,A,,A,,A,,A
20241,05425173,33,0,1,510,D,1,D,01,D,75,D,,A,,A,,A,,A,,A,,A,,A,,A,,A,,A,,A
20241,05426483,17,0,2,620,D,1,D,11,D,238,D,,A,,A,,A,,A,,A,,A,,A,,A,,A,,A,,A
20241,05427363,24,0,1,530,D,1,D,12,D,200,D,,A,,A,,A,,A,,A,,A,,A,,A,,A,,A,,A
20241,05428113,24,0,2,420,D,1,D,11,D,26,D,,A,,A,,A,,A,,A,,A,,A,,A,,A,,A,,A
20241,05428173,24,0,1,420,D,1,D,12,D,50,D,,A,,A,,A,,A,,A,,A,,A,,A,,A,,A,,A
20241,05428813,19,0,1,620,D,1,D,01,D,88,D,,A,,A,,A,,A,,A,,A,,A,,A,,A,,A,,A
20241,05428973,24,0,1,200,D,1,D,01,D,141,D,,A,,A,,A,,A,,A,,A,,A,,A,,A,,A,,A
20241,05429093,13,0,1,620,D,1,D,01,D,33,D,,A,,A,,A,,A,,A,,A,,A,,A,,A,,A,,A
20241,05430604,12,0,1,410,D,1,D,01,D,150,D,,A,,A,,A,,A,,A,,A,,A,,A,,A,,A,2,D
20241,05431583,9,0,1,620,D,1,D,01,D,70,D,,A,,A,,A,,A,,A,,A,,A,,A,,A,,A,,A
20241,05433913,27,0,1,200,D,1,D,01,D,65,D,,A,,A,,A,,A,,A,,A,,A,,A,,A,,A,,A
20241,05433913,28,0,1,200,D,1,D,01,D,382,F,,A,,A,,A,,A,,A,,A,,A,,A,,A,,A,,A
20241,05433913,29,0,1,510,D,1,D,01,D,40,D,,A,,A,,A,,A,,A,,A,,A,,A,,A,,A,,A
20241,05434483,10,0,1,200,D,1,D,01,D,2050,T,,A,,A,,A,,A,,A,,A,,A,,A,,A,,A,,A
20241,05434573,16,0,1,410,D,1,D,12,D,50,D,,A,,A,,A,,A,,A,,A,,A,,A,,A,,A,2,D
20241,05434573,17,0,1,410,D,1,D,01,D,57,D,,A,,A,,A,,A,,A,,A,,A,,A,,A,,A,2,D
20241,05436523,12,0,2,620,D,1,D,12,D,450,D,,A,,A,,A,,A,,A,,A,,A,,A,,A,,A,,A
20241,05436603,9,0,1,200,D,1,D,02,D,54,D,,A,,A,,A,,A,,A,,A,,A,,A,,A,,A,,A
20241,05438443,28,0,2,510,D,1,D,12,D,672,T,,A,,A,,A,,A,,A,,A,,A,,A,,A,,A,,A
20241,05438703,19,0,1,120,D,1,D,02,D,1100,D,,A,,A,,A,,A,,A,,A,,A,,A,,A,,A,,A
20241,05438703,20,0,1,200,D,1,D,02,D,250,D,,A,,A,,A,,A,,A,,A,,A,,A,,A,,A,,A
20241,05440253,30,0,1,420,D,1,D,01,D,20,D,,A,,A,,A,,A,,A,,A,,A,,A,,A,,A,,A
20241,05440253,31,0,1,620,D,1,D,02,D,10,D,,A,,A,,A,,A,,A,,A,,A,,A,,A,,A,,A
20241,05441963,41,0,1,200,D,1,D,02,D,177,D,,A,,A,,A,,A,,A,,A,,A,,A,,A,,A,,A
20241,05540242,27,0,1,200,D,1,D,12,D,58,D,,A,,A,,A,,A,,A,,A,,A,,A,,A,,A,,A
20241,05540662,25,0,1,420,D,1,D,12,D,25,D,,A,,A,,A,,A,,A,,A,,A,,A,,A,,A,,A
20241,05542252,13,0,1,120,D,1,D,12,D,1400,D,,A,,A,,A,,A,,A,,A,,A,,A,,A,,A,,A
20241,05542742,14,0,1,530,D,1,D,12,D,128,D,,A,,A,,A,,A,,A,,A,,A,,A,,A,,A,,A
20241,05543912,17,0,1,110,D,1,D,12,D,698,T,,A,,A,,A,,A,,A,,A,,A,,A,,A,,A,,A
20241,05545882,18,0,1,120,D,1,D,12,D,300,D,,A,,A,,A,,A,,A,,A,,A,,A,,A,,A,,A
20241,05547152,15,0,1,530,D,1,D,12,D,32,D,,A,,A,,A,,A,,A,,A,,A,,A,,A,,A,,A
20241,05547312,30,0,2,200,D,1,D,10,D,37,D,,A,,A,,A,,A,,A,,A,,A,,A,,A,,A,,A
20241,05547402,19,0,1,120,D,1,D,12,D,350,D,,A,,A,,A,,A,,A,,A,,A,,A,,A,,A,,A
20241,05548322,17,0,1,410,D,1,D,11,D,80,D,,A,,A,,A,,A,,A,,A,,A,,A,,A,,A,2,D
20241,05548982,52,0,1,510,D,1,D,12,D,672,T,,A,,A,,A,,A,,A,,A,,A,,A,,A,,A,,A
20241,05550102,25,0,1,410,D,1,D,11,D,1027,T,,A,,A,,A,,A,,A,,A,,A,,A,,A,,A,2,D
20241,05550102,26,0,2,410,D,1,D,11,D,330,D,,A,,A,,A,,A,,A,,A,,A,,A,,A,,A,2,D
20241,05551332,20,0,1,410,D,1,D,01,D,300,D,,A,,A,,A,,A,,A,,A,,A,,A,,A,,A,2,D
20241,05553742,11,0,1,620,D,1,D,12,D,60,D,,A,,A,,A,,A,,A,,A,,A,,A,,A,,A,,A
20241,05553742,12,0,1,620,D,1,D,12,D,10,D,,A,,A,,A,,A,,A,,A,,A,,A,,A,,A,,A
20241,05554262,10,0,1,620,D,1,D,11,D,80,D,,A,,A,,A,,A,,A,,A,,A,,A,,A,,A,,A
20241,05554652,24,0,1,420,D,1,D,12,D,20,D,,A,,A,,A,,A,,A,,A,,A,,A,,A,,A,,A
20241,05557522,14,0,1,120,D,1,D,01,D,400,D,,A,,A,,A,,A,,A,,A,,A,,A,,A,,A,,A
20241,05557522,15,0,1,120,D,2,D,01,D,244,D,,A,,A,,A,,A,,A,,A,,A,,A,,A,,A,,A
20241,05557852,9,0,1,900,D,1,D,12,D,,H,110,D,120,D,200,D,610,D,620,D,,A,,A,,A,,A,,A,,A
20241,05557852,9,1,1,110,D,1,D,12,D,10,E,,A,,A,,A,,A,,A,,A,,A,,A,,A,,A,,A
20241,05557852,9,2,1,120,D,1,D,12,D,27,E,,A,,A,,A,,A,,A,,A,,A,,A,,A,,A,,A
20241,05557852,9,3,1,200,D,1,D,12,D,12,E,,A,,A,,A,,A,,A,,A,,A,,A,,A,,A,,A
20241,05557852,9,4,1,620,D,1,D,12,D,1,E,,A,,A,,A,,A,,A,,A,,A,,A,,A,,A,,A
20241,05557972,11,0,1,420,D,1,D,12,D,300,D,,A,,A,,A,,A,,A,,A,,A,,A,,A,,A,,A
20241,05558462,19,0,1,620,D,1,D,11,D,51,F,,A,,A,,A,,A,,A,,A,,A,,A,,A,,A,,A
20241,05558862,25,0,1,200,D,1,D,01,D,327,D,,A,,A,,A,,A,,A,,A,,A,,A,,A,,A,,A
20241,05559012,8,0,1,620,D,1,D,12,D,150,D,,A,,A,,A,,A,,A,,A,,A,,A,,A,,A,,A
20241,05562132,11,0,1,620,D,1,D,01,D,4,D,,A,,A,,A,,A,,A,,A,,A,,A,,A,,A,,A
20241,05562882,10,0,1,130,D,1,D,02,D,,H,110,D,120,D,,A,,A,,A,,A,,A,,A,,A,,A,,A
20241,05562882,10,1,1,110,D,1,D,02,D,43,E,,A,,A,,A,,A,,A,,A,,A,,A,,A,,A,,A
20241,05562882,10,2,1,120,D,1,D,02,D,107,E,,A,,A,,A,,A,,A,,A,,A,,A,,A,,A,,A
20241,05563082,13,0,1,620,D,1,D,12,D,2,D,,A,,A,,A,,A,,A,,A,,A,,A,,A,,A,,A
20241,05563082,14,0,2,900,D,1,D,12,D,,H,900,D,620,D,,A,,A,,A,,A,,A,,A,,A,,A,,A
20241,05563082,14,1,2,620,D,1,D,12,D,2,E,,A,,A,,A,,A,,A,,A,,A,,A,,A,,A,,A
20241,05564222,12,0,1,120,D,1,D,12,D,150,D,,A,,A,,A,,A,,A,,A,,A,,A,,A,,A,,A
20241,05564362,17,0,1,530,D,2,D,12,D,1742,T,,A,,A,,A,,A,,A,,A,,A,,A,,A,,A,,A
20241,05564832,16,0,1,420,D,1,D,02,D,20,D,,A,,A,,A,,A,,A,,A,,A,,A,,A,,A,,A
20241,05566842,25,0,1,200,D,1,D,12,D,110,D,,A,,A,,A,,A,,A,,A,,A,,A,,A,,A,,A
20241,05566972,12,0,1,120,D,1,D,02,D,125,D,,A,,A,,A,,A,,A,,A,,A,,A,,A,,A,,A
20241,05568992,28,0,2,120,D,1,D,12,D,470,F,,A,,A,,A,,A,,A,,A,,A,,A,,A,,A,,A
20241,05569332,23,0,1,655,D,1,D,02,D,30,D,,A,,A,,A,,A,,A,,A,,A,,A,,A,1,D,,A
20241,05569332,24,0,1,635,D,1,D,02,D,,T,,A,,A,,A,,A,,A,,A,,A,,A,,A,1,D,,A
20241,05570762,14,0,1,620,D,1,D,01,D,150,D,,A,,A,,A,,A,,A,,A,,A,,A,,A,,A,,A
20241,05572064,42,0,1,420,D,1,D,12,D,850,T,,A,,A,,A,,A,,A,,A,,A,,A,,A,,A,,A
20241,05572064,43,0,1,420,D,1,D,01,D,850,T,,A,,A,,A,,A,,A,,A,,A,,A,,A,,A,,A
20241,05572064,44,0,1,420,D,1,D,02,D,850,T,,A,,A,,A,,A,,A,,A,,A,,A,,A,,A,,A
20241,05575091,14,0,1,655,D,1,D,10,D,404,T,,A,,A,,A,,A,,A,,A,,A,,A,,A,1,D,,A
20241,05575441,13,0,1,200,D,1,D,11,D,1100,D,,A,,A,,A,,A,,A,,A,,A,,A,,A,,A,,A
20241,05580991,20,0,1,620,D,1,D,12,D,50,D,,A,,A,,A,,A,,A,,A,,A,,A,,A,,A,,A
20241,05582891,20,0,1,200,D,1,D,12,D,250,D,,A,,A,,A,,A,,A,,A,,A,,A,,A,,A,,A
20241,05583471,13,0,1,200,D,1,D,12,D,30,D,,A,,A,,A,,A,,A,,A,,A,,A,,A,,A,,A
20241,05584021,13,0,1,110,D,1,D,12,D,25,D,,A,,A,,A,,A,,A,,A,,A,,A,,A,,A,,A
20241,05585131,6,0,1,420,D,1,D,11,D,75,D,,A,,A,,A,,A,,A,,A,,A,,A,,A,,A,,A
20241,05588181,11,0,1,200,D,1,D,11,D,550,D,,A,,A,,A,,A,,A,,A,,A,,A,,A,,A,,A
20241,05588891,7,0,1,110,D,1,D,01,D,100,D,,A,,A,,A,,A,,A,,A,,A,,A,,A,,A,,A
20241,05590511,12,0,1,420,D,1,D,01,D,50,D,,A,,A,,A,,A,,A,,A,,A,,A,,A,,A,,A
20241,05590511,13,0,1,420,D,1,D,11,D,50,D,,A,,A,,A,,A,,A,,A,,A,,A,,A,,A,,A
20241,05590511,14,0,1,420,D,1,D,12,D,50,D,,A,,A,,A,,A,,A,,A,,A,,A,,A,,A,,A
20241,05592351,10,0,1,620,D,1,D,01,D,10,D,,A,,A,,A,,A,,A,,A,,A,,A,,A,,A,,A
20241,05592351,11,0,1,620,D,1,D,01,D,10,D,,A,,A,,A,,A,,A,,A,,A,,A,,A,,A,,A
20241,05592351,12,0,1,620,D,1,D,01,D,10,D,,A,,A,,A,,A,,A,,A,,A,,A,,A,,A,,A
20241,05594581,15,0,1,655,D,1,D,12,D,105,D,,A,,A,,A,,A,,A,,A,,A,,A,,A,1,D,,A
20241,05595921,14,0,1,120,D,1,D,01,D,100,D,,A,,A,,A,,A,,A,,A,,A,,A,,A,,A,,A
20241,05597611,21,0,1,655,D,1,D,12,D,210,D,,A,,A,,A,,A,,A,,A,,A,,A,,A,1,D,,A
20241,05598201,17,0,1,200,D,1,D,01,D,1000,D,,A,,A,,A,,A,,A,,A,,A,,A,,A,,A,,A
20241,05599461,21,0,1,200,D,1,D,01,D,2050,T,,A,,A,,A,,A,,A,,A,,A,,A,,A,,A,,A
20241,05599461,22,0,1,620,D,1,D,02,D,50,D,,A,,A,,A,,A,,A,,A,,A,,A,,A,,A,,A
20241,05599851,8,0,1,620,D,1,D,01,D,6,D,,A,,A,,A,,A,,A,,A,,A,,A,,A,,A,,A
20241,05599851,9,0,1,620,D,1,D,02,D,6,D,,A,,A,,A,,A,,A,,A,,A,,A,,A,,A,,A
20241,05599991,10,0,1,420,D,1,D,02,D,200,D,,A,,A,,A,,A,,A,,A,,A,,A,,A,,A,,A
20241,05601281,11,0,1,620,D,1,D,02,D,6,D,,A,,A,,A,,A,,A,,A,,A,,A,,A,,A,,A
20241,05605211,10,0,1,620,D,1,D,01,D,44,D,,A,,A,,A,,A,,A,,A,,A,,A,,A,,A,,A
20241,05605861,14,0,1,330,D,1,D,01,D,817,T,,A,,A,,A,,A,,A,,A,,A,,A,,A,,A,,A
